nDCG,Recall,collection,count
"[0.50481, 0.43183, 0.4661, 0.52923]","[0.19296, 0.38684, 0.49124, 0.64294]",mt-rag-clapnq-elser-512-100-20240503,224
"[0.50481, 0.43183, 0.4661, 0.52923]","[0.19296, 0.38684, 0.49124, 0.64294]",all,224
