nDCG,Recall,collection,count
"[0.34043, 0.31049, 0.33469, 0.38101]","[0.16144, 0.29881, 0.35826, 0.46668]",mt-rag-ibmcloud-elser-512-100-20240502,205
"[0.34043, 0.31049, 0.33468999999999993, 0.38101]","[0.16144, 0.29881, 0.35826, 0.46668]",all,205
