nDCG,Recall,collection,count
"[0.36702, 0.34777, 0.3894, 0.42488]","[0.15674, 0.33679, 0.43547, 0.52085]",mt-rag-ibmcloud-elser-512-100-20240502,205
"[0.36702, 0.34777, 0.38939999999999997, 0.42488]","[0.15673999999999996, 0.33679, 0.43546999999999997, 0.52085]",all,205
