nDCG,Recall,collection,count
"[0.27861, 0.27562, 0.32601, 0.36236]","[0.12231, 0.26791, 0.38062, 0.46595]",mt-rag-govt-elser-512-100-20240611,214
"[0.25481, 0.24153, 0.26783, 0.32065]","[0.09527, 0.22253, 0.29557, 0.4266]",mt-rag-clapnq-elser-512-100-20240503,224
"[0.13333, 0.12147, 0.14379, 0.17268]","[0.05126, 0.11751, 0.1653, 0.23341]",mt-rag-fiqa-beir-elser-512-100-20240501,199
"[0.21809, 0.21561, 0.23579, 0.26501]","[0.11082, 0.21092, 0.26189, 0.33251]",mt-rag-ibmcloud-elser-512-100-20240502,205
"[0.22320795724465559, 0.21550828978622327, 0.24550026128266036, 0.2827327909738718]","[0.09552691211401426, 0.20641633016627078, 0.27819775534441804, 0.3680342517814727]",all,842
