nDCG,Recall,collection,count
"[0.28333, 0.25669, 0.29013, 0.33472]","[0.1138, 0.23265, 0.31464, 0.41786]",mt-rag-fiqa-beir-elser-512-100-20240501,199
"[0.28333, 0.25669, 0.29013, 0.33472]","[0.1138, 0.23265, 0.31464, 0.41786]",all,199
