nDCG,Recall,collection,count
"[0.21809, 0.21561, 0.23579, 0.26501]","[0.11082, 0.21092, 0.26189, 0.33251]",mt-rag-ibmcloud-elser-512-100-20240502,205
"[0.21809, 0.21561, 0.23579, 0.26501]","[0.11082, 0.21092, 0.26189, 0.33251]",all,205
