nDCG,Recall,collection,count
"[0.27861, 0.27562, 0.32601, 0.36236]","[0.12231, 0.26791, 0.38062, 0.46595]",mt-rag-govt-elser-512-100-20240611,214
"[0.27861, 0.27562, 0.32601, 0.36236]","[0.12231, 0.26791, 0.38062, 0.46595]",all,214
