nDCG,Recall,collection,count
"[0.39423, 0.34109, 0.36746, 0.42429]","[0.15525, 0.3041, 0.38791, 0.52245]",mt-rag-clapnq-elser-512-100-20240503,208
"[0.39423, 0.34109, 0.36746, 0.42429]","[0.15525, 0.3041, 0.38791, 0.52245]",all,208
