nDCG,Recall,collection,count
"[0.29255, 0.27612, 0.30348, 0.34201]","[0.1477, 0.27101, 0.3383, 0.42258]",mt-rag-ibmcloud-elser-512-100-20240502,188
"[0.29255, 0.27612, 0.30348, 0.34201]","[0.1477, 0.27101, 0.3383, 0.42258]",all,188
