nDCG,Recall,collection,count
"[0.34328, 0.3287, 0.36818, 0.41991]","[0.15652, 0.31296, 0.40394, 0.528]",mt-rag-govt-elser-512-100-20240611,201
"[0.34328, 0.32869999999999994, 0.36818, 0.41991]","[0.15652, 0.31296, 0.40394, 0.528]",all,201
