nDCG,Recall,collection,count
"[0.23889, 0.22659, 0.24767, 0.29126]","[0.1032, 0.20677, 0.26321, 0.36716]",mt-rag-fiqa-beir-elser-512-100-20240501,180
"[0.23889, 0.22659, 0.24766999999999997, 0.29126]","[0.1032, 0.20677, 0.26321, 0.36715999999999993]",all,180
