nDCG,Recall,collection,count
"[0.25, 0.25271, 0.27588, 0.30736]","[0.12243, 0.25434, 0.31225, 0.38145]",mt-rag-ibmcloud-elser-512-100-20240502,188
"[0.25, 0.25271, 0.27588, 0.30736]","[0.12243, 0.25434, 0.31225, 0.38145000000000007]",all,188
