nDCG,Recall,collection,count
"[0.47115, 0.41245, 0.4376, 0.4982]","[0.17424, 0.37533, 0.46187, 0.60626]",mt-rag-clapnq-elser-512-100-20240503,208
"[0.47115, 0.41245, 0.4376, 0.4982]","[0.17424, 0.37533, 0.46187, 0.60626]",all,208
