nDCG,Recall,collection,count
"[0.15423, 0.17896, 0.1966, 0.22985]","[0.07595, 0.18748, 0.22633, 0.3029]",mt-rag-govt-elser-512-100-20240611,201
"[0.15423, 0.17896000000000004, 0.1966, 0.22985]","[0.07595, 0.18748, 0.22633, 0.3029]",all,201
