nDCG,Recall,collection,count
"[0.31111, 0.27421, 0.2938, 0.34102]","[0.12959, 0.24925, 0.30772, 0.41835]",mt-rag-fiqa-beir-elser-512-100-20240501,180
"[0.31111, 0.27421, 0.2938, 0.34102]","[0.12959, 0.24925, 0.30772, 0.41835]",all,180
