nDCG,Recall,collection,count
"[0.20673, 0.19365, 0.23703, 0.28156]","[0.07473, 0.17693, 0.27758, 0.38364]",mt-rag-clapnq-elser-512-100-20240503,208
"[0.20673, 0.19365, 0.23703, 0.28156]","[0.07473, 0.17693, 0.27758, 0.38364]",all,208
