nDCG,Recall,collection,count
"[0.29851, 0.27727, 0.30466, 0.34429]","[0.13333, 0.26432, 0.33364, 0.42698]",mt-rag-govt-elser-512-100-20240611,201
"[0.29851, 0.27727, 0.30466, 0.34428999999999993]","[0.13333, 0.26432, 0.33364, 0.42698]",all,201
