nDCG,Recall,collection,count
"[0.12766, 0.14083, 0.16246, 0.18432]","[0.04982, 0.1484, 0.19539, 0.24491]",mt-rag-ibmcloud-elser-512-100-20240502,188
"[0.12766, 0.14083, 0.16246, 0.18432]","[0.04982, 0.1484, 0.19539, 0.24491]",all,188
