nDCG,Recall,collection,count
"[0.11111, 0.09879, 0.11995, 0.13893]","[0.05231, 0.09491, 0.13537, 0.18398]",mt-rag-fiqa-beir-elser-512-100-20240501,180
"[0.11111, 0.09879, 0.11995, 0.13893]","[0.05231, 0.09491, 0.13537, 0.18398]",all,180
