nDCG,Recall,collection,count
"[0.31841, 0.3095, 0.34483, 0.39275]","[0.14494, 0.30122, 0.38554, 0.49859]",mt-rag-govt-elser-512-100-20240611,214
"[0.31841, 0.3095, 0.34483, 0.39275000000000004]","[0.14494, 0.30122, 0.38554, 0.49859]",all,214
