nDCG,Recall,collection,count
"[0.25556, 0.23992, 0.26137, 0.29562]","[0.1107, 0.22112, 0.28025, 0.36095]",mt-rag-fiqa-beir-elser-512-100-20240501,199
"[0.25556, 0.23992, 0.26137, 0.29562]","[0.11070000000000002, 0.22112, 0.28025, 0.36095]",all,199
