nDCG,Recall,collection,count
"[0.49038, 0.41424, 0.44103, 0.49913]","[0.18495, 0.36568, 0.45863, 0.59951]",mt-rag-clapnq-elser-512-100-20240503,224
"[0.49038, 0.41424, 0.44103, 0.49913]","[0.18495, 0.36567999999999995, 0.45863, 0.5995099999999999]",all,224
