nDCG,Recall,collection,count
"[0.25, 0.25382, 0.27722, 0.31407]","[0.12713, 0.252, 0.30897, 0.39661]",mt-rag-ibmcloud-elser-512-100-20240502,205
"[0.25, 0.25382, 0.27722, 0.31407]","[0.12713, 0.252, 0.30897, 0.39661]",all,205
