nDCG,Recall,collection,count
"[0.16489, 0.16955, 0.1829, 0.21661]","[0.09043, 0.16597, 0.20219, 0.28677]",mt-rag-ibmcloud-elser-512-100-20240502,205
"[0.16489, 0.16955, 0.1829, 0.21661000000000002]","[0.09043, 0.16597, 0.20219, 0.28677]",all,205
