nDCG,Recall,collection,count
"[0.22596, 0.20968, 0.23488, 0.27946]","[0.08253, 0.18831, 0.25751, 0.36429]",mt-rag-clapnq-elser-512-100-20240503,224
"[0.22596, 0.20968, 0.23488, 0.27946]","[0.08253, 0.18831, 0.25751, 0.36429]",all,224
