nDCG,Recall,collection,count
"[0.23881, 0.24256, 0.26869, 0.30579]","[0.10514, 0.24395, 0.30763, 0.39502]",mt-rag-govt-elser-512-100-20240611,214
"[0.23881, 0.24256, 0.26869, 0.30579]","[0.10514, 0.24395, 0.30763, 0.39502]",all,214
