nDCG,Recall,collection,count
"[0.07778, 0.08141, 0.10048, 0.12592]","[0.02778, 0.08107, 0.1245, 0.18427]",mt-rag-fiqa-beir-elser-512-100-20240501,199
"[0.07778, 0.08141, 0.10048, 0.12592]","[0.02778, 0.08107, 0.1245, 0.18427000000000002]",all,199
