nDCG,Recall,collection,count
"[0.33889, 0.30132, 0.33256, 0.38192]","[0.14426, 0.27507, 0.35586, 0.46722]",mt-rag-fiqa-beir-elser-512-100-20240501,199
"[0.51923, 0.47364, 0.52274, 0.58047]","[0.2071, 0.42706, 0.56512, 0.69784]",mt-rag-clapnq-elser-512-100-20240503,224
"[0.3617, 0.34384, 0.37051, 0.40625]","[0.16698, 0.32957, 0.40232, 0.48592]",mt-rag-ibmcloud-elser-512-100-20240502,205
"[0.36816, 0.369, 0.42122, 0.47185]","[0.17214, 0.35482, 0.48089, 0.59794]",mt-rag-govt-elser-512-100-20240611,214
"[0.399859109263658, 0.3747164370546318, 0.414927351543943, 0.4635207957244656]","[0.17359501187648457, 0.3490423990498812, 0.4546188598574822, 0.566348812351544]",all,842
