nDCG,Recall,collection,count
"[0.36816, 0.369, 0.42122, 0.47185]","[0.17214, 0.35482, 0.48089, 0.59794]",mt-rag-govt-elser-512-100-20240611,214
"[0.36816, 0.369, 0.42122, 0.47185]","[0.17214, 0.35482, 0.48089, 0.59794]",all,214
