nDCG,Recall,collection,count
"[0.3617, 0.34384, 0.37051, 0.40625]","[0.16698, 0.32957, 0.40232, 0.48592]",mt-rag-ibmcloud-elser-512-100-20240502,205
"[0.36169999999999997, 0.34384000000000003, 0.37051, 0.40625]","[0.16698, 0.32957, 0.40232, 0.48592]",all,205
