nDCG,Recall,collection,count
"[0.33889, 0.30132, 0.33256, 0.38192]","[0.14426, 0.27507, 0.35586, 0.46722]",mt-rag-fiqa-beir-elser-512-100-20240501,199
"[0.33889, 0.30132, 0.33256, 0.38192]","[0.14426, 0.27507, 0.35586, 0.46722]",all,199
