nDCG,Recall,collection,count
"[0.51923, 0.47364, 0.52274, 0.58047]","[0.2071, 0.42706, 0.56512, 0.69784]",mt-rag-clapnq-elser-512-100-20240503,224
"[0.51923, 0.47364, 0.52274, 0.58047]","[0.2071, 0.42706, 0.56512, 0.69784]",all,224
