nDCG,Recall,collection,count
"[0.27128, 0.2673, 0.29415, 0.33672]","[0.13112, 0.26215, 0.32872, 0.42755]",mt-rag-ibmcloud-elser-512-100-20240502,188
"[0.27128, 0.2673, 0.29415, 0.33672]","[0.13112, 0.26215, 0.32872, 0.42755000000000004]",all,188
