nDCG,Recall,collection,count
"[0.26667, 0.25382, 0.2741, 0.31639]","[0.11246, 0.23872, 0.29567, 0.39291]",mt-rag-fiqa-beir-elser-512-100-20240501,180
"[0.26667, 0.25382, 0.2741, 0.31639]","[0.11246000000000002, 0.23872, 0.29567, 0.39291]",all,180
