nDCG,Recall,collection,count
"[0.26866, 0.30282, 0.34349, 0.39236]","[0.12058, 0.30375, 0.39808, 0.51679]",mt-rag-govt-elser-512-100-20240611,201
"[0.26866, 0.30282, 0.3434900000000001, 0.39235999999999993]","[0.12058, 0.30375, 0.39808, 0.51679]",all,201
