nDCG,Recall,collection,count
"[0.43269, 0.39265, 0.41819, 0.4688]","[0.16006, 0.36315, 0.44649, 0.56748]",mt-rag-clapnq-elser-512-100-20240503,208
"[0.43269, 0.39265, 0.41819, 0.4688]","[0.16006000000000004, 0.36315, 0.44648999999999994, 0.56748]",all,208
