nDCG,Recall,collection,count
"[0.19149, 0.19208, 0.2194, 0.25764]","[0.09814, 0.19243, 0.25303, 0.3443]",mt-rag-ibmcloud-elser-512-100-20240502,188
"[0.19148999999999997, 0.19208, 0.21939999999999998, 0.25764]","[0.09814, 0.19243, 0.25303, 0.34429999999999994]",all,188
