nDCG,Recall,collection,count
"[0.24038, 0.22586, 0.24951, 0.30082]","[0.09223, 0.20626, 0.2741, 0.39341]",mt-rag-clapnq-elser-512-100-20240503,208
"[0.24038, 0.22586, 0.24951, 0.30082]","[0.09223, 0.20626, 0.2741, 0.39341]",all,208
