nDCG,Recall,collection,count
"[0.12778, 0.133, 0.15069, 0.17878]","[0.04954, 0.13829, 0.18126, 0.24746]",mt-rag-fiqa-beir-elser-512-100-20240501,180
"[0.12778, 0.133, 0.15069, 0.17878]","[0.049539999999999994, 0.13829, 0.18126, 0.24745999999999999]",all,180
