nDCG,Recall,collection,count
"[0.27363, 0.27769, 0.31273, 0.35287]","[0.12114, 0.27289, 0.35926, 0.45337]",mt-rag-govt-elser-512-100-20240611,201
"[0.27363, 0.27769, 0.31273, 0.35287]","[0.12114, 0.27289, 0.35926, 0.45337]",all,201
