nDCG,Recall,collection,count
"[0.36702, 0.35475, 0.37962, 0.4328]","[0.1695, 0.34424, 0.41849, 0.53618]",mt-rag-ibmcloud-elser-512-100-20240502,188
"[0.36702000000000007, 0.35475, 0.37962, 0.4328]","[0.1695, 0.34424, 0.41849, 0.53618]",all,188
