nDCG,Recall,collection,count
"[0.34444, 0.33969, 0.37509, 0.41669]","[0.14653, 0.32071, 0.41386, 0.51147]",mt-rag-fiqa-beir-elser-512-100-20240501,180
"[0.34444, 0.33969, 0.37509, 0.41669]","[0.14653, 0.32071, 0.41386, 0.51147]",all,180
