nDCG,Recall,collection,count
"[0.43284, 0.42248, 0.46828, 0.51692]","[0.19541, 0.40442, 0.52338, 0.63661]",mt-rag-govt-elser-512-100-20240611,201
"[0.43284, 0.42248, 0.46828, 0.51692]","[0.19541000000000003, 0.40442, 0.52338, 0.63661]",all,201
