nDCG,Recall,collection,count
"[0.48077, 0.45558, 0.49824, 0.56147]","[0.18891, 0.42541, 0.54576, 0.69158]",mt-rag-clapnq-elser-512-100-20240503,208
"[0.48077, 0.45558, 0.49824, 0.56147]","[0.18890999999999997, 0.42541, 0.54576, 0.69158]",all,208
