nDCG,Recall,collection,count
"[0.46635, 0.41253, 0.43306, 0.49988]","[0.17889, 0.3741, 0.4505, 0.61028]",mt-rag-clapnq-elser-512-100-20240503,224
"[0.46635, 0.41253, 0.43305999999999994, 0.49988]","[0.17889, 0.3741, 0.4505, 0.61028]",all,224
