nDCG,Recall,collection,count
"[0.31343, 0.29747, 0.32682, 0.37094]","[0.14425, 0.28187, 0.35203, 0.45831]",mt-rag-govt-elser-512-100-20240611,214
"[0.31342999999999993, 0.29747, 0.32682, 0.37094]","[0.14425, 0.28187, 0.35203000000000007, 0.45831]",all,214
