nDCG,Recall,collection,count
"[0.26111, 0.23861, 0.26642, 0.29907]","[0.1163, 0.2225, 0.29052, 0.36812]",mt-rag-fiqa-beir-elser-512-100-20240501,199
"[0.26111, 0.23861, 0.26642, 0.29907]","[0.1163, 0.2225, 0.29052, 0.36812]",all,199
