nDCG,Recall,collection,count
"[0.25, 0.25134, 0.27754, 0.30828]","[0.12491, 0.24739, 0.31225, 0.38357]",mt-rag-ibmcloud-elser-512-100-20240502,205
"[0.25, 0.25134, 0.27754, 0.30828]","[0.12491, 0.24739, 0.31225, 0.38357]",all,205
