nDCG,Recall,collection,count
"[0.24378, 0.24781, 0.2732, 0.3114]","[0.10415, 0.2408, 0.30589, 0.39627]",mt-rag-govt-elser-512-100-20240611,214
"[0.24378, 0.24781, 0.2732, 0.3114]","[0.10415, 0.2408, 0.30589, 0.39627]",all,214
