nDCG,Recall,collection,count
"[0.08889, 0.09325, 0.11116, 0.13234]","[0.03102, 0.09444, 0.13574, 0.1862]",mt-rag-fiqa-beir-elser-512-100-20240501,199
"[0.08889, 0.09325, 0.11116, 0.13234]","[0.03102, 0.09444, 0.13574, 0.1862]",all,199
