nDCG,Recall,collection,count
"[0.22596, 0.21533, 0.24084, 0.28941]","[0.08437, 0.19408, 0.26464, 0.3789]",mt-rag-clapnq-elser-512-100-20240503,224
"[0.22596, 0.21533, 0.24084, 0.28941]","[0.08436999999999999, 0.19408, 0.26464, 0.37890000000000007]",all,224
