nDCG,Recall,collection,count
"[0.18617, 0.18511, 0.19966, 0.23206]","[0.10434, 0.18228, 0.21907, 0.29403]",mt-rag-ibmcloud-elser-512-100-20240502,205
"[0.18617, 0.18511, 0.19966, 0.23206]","[0.10434, 0.18227999999999997, 0.21907, 0.29403]",all,205
