nDCG,Recall,collection,count
"[0.47115, 0.45269, 0.50279, 0.56624]","[0.18634, 0.41724, 0.55671, 0.69955]",mt-rag-clapnq-elser-512-100-20240503,224
"[0.47115, 0.45269, 0.50279, 0.56624]","[0.18634, 0.41724, 0.55671, 0.69955]",all,224
