nDCG,Recall,collection,count
"[0.35821, 0.36855, 0.41456, 0.46539]","[0.1644, 0.35963, 0.47035, 0.59036]",mt-rag-govt-elser-512-100-20240611,214
"[0.35821, 0.36855, 0.41456, 0.46539]","[0.1644, 0.35963, 0.47035, 0.59036]",all,214
