nDCG,Recall,collection,count
"[0.31915, 0.33177, 0.35372, 0.39633]","[0.15514, 0.32908, 0.3875, 0.48383]",mt-rag-ibmcloud-elser-512-100-20240502,205
"[0.31915, 0.33177, 0.35372, 0.39633]","[0.15514, 0.32908, 0.3875, 0.48383]",all,205
