nDCG,Recall,collection,count
"[0.37778, 0.32996, 0.35647, 0.40003]","[0.15583, 0.30005, 0.37558, 0.47578]",mt-rag-fiqa-beir-elser-512-100-20240501,199
"[0.37778, 0.32996, 0.35646999999999995, 0.40003]","[0.15583, 0.30005, 0.37558, 0.47578]",all,199
