nDCG,Recall,collection,count
"[0.19403, 0.20901, 0.22712, 0.2607]","[0.09268, 0.20976, 0.25652, 0.33538]",mt-rag-govt-elser-512-100-20240611,201
"[0.19403, 0.20901, 0.22712, 0.2607]","[0.09268, 0.20976, 0.25652, 0.33538000000000007]",all,201
