nDCG,Recall,collection,count
"[0.19712, 0.17082, 0.19331, 0.22831]","[0.06795, 0.14868, 0.20915, 0.29097]",mt-rag-clapnq-elser-512-100-20240503,208
"[0.19712, 0.17082, 0.19331, 0.22831]","[0.06795, 0.14868, 0.20915, 0.29097]",all,208
