nDCG,Recall,collection,count
"[0.20673, 0.19031, 0.20779, 0.25522]","[0.0774, 0.16844, 0.22305, 0.33665]",mt-rag-clapnq-elser-512-100-20240503,208
"[0.20673, 0.19031, 0.20779, 0.25522]","[0.0774, 0.16843999999999998, 0.22305, 0.33665]",all,208
