nDCG,Recall,collection,count
"[0.26368, 0.24686, 0.26996, 0.30709]","[0.11484, 0.23159, 0.29417, 0.38255]",mt-rag-govt-elser-512-100-20240611,201
"[0.26368, 0.24686, 0.26996, 0.30709]","[0.11484, 0.23158999999999996, 0.29417, 0.38255]",all,201
