nDCG,Recall,collection,count
"[0.27363, 0.27459, 0.29527, 0.34175]","[0.1199, 0.26949, 0.32778, 0.43595]",mt-rag-govt-elser-512-100-20240611,201
"[0.27363, 0.27459, 0.29527, 0.34175]","[0.1199, 0.26949, 0.32778, 0.43595]",all,201
