nDCG,Recall,collection,count
"[0.12778, 0.11986, 0.14605, 0.17368]","[0.05278, 0.11528, 0.17366, 0.242]",mt-rag-fiqa-beir-elser-512-100-20240501,180
"[0.12778, 0.11986, 0.14605, 0.17368]","[0.05278000000000001, 0.11528, 0.17366, 0.24200000000000002]",all,180
