nDCG,Recall,collection,count
"[0.24519, 0.21822, 0.24533, 0.29366]","[0.08934, 0.1936, 0.27025, 0.389]",mt-rag-clapnq-elser-512-100-20240503,208
"[0.24519, 0.21822000000000003, 0.24533, 0.29366]","[0.08934, 0.1936, 0.27025, 0.389]",all,208
