nDCG,Recall,collection,count
"[0.18617, 0.17652, 0.19418, 0.23289]","[0.09637, 0.16925, 0.21668, 0.31407]",mt-rag-ibmcloud-elser-512-100-20240502,188
"[0.18617, 0.17652, 0.19418, 0.23289]","[0.09637000000000001, 0.16925, 0.21668, 0.31407]",all,188
