nDCG,Recall,collection,count
"[0.19149, 0.18408, 0.19887, 0.22692]","[0.10301, 0.17679, 0.21579, 0.28579]",mt-rag-ibmcloud-elser-512-100-20240502,188
"[0.19148999999999997, 0.18408, 0.19887, 0.22692]","[0.10301, 0.17679, 0.21579, 0.28579]",all,188
