nDCG,Recall,collection,count
"[0.08333, 0.07646, 0.08716, 0.10184]","[0.02685, 0.07611, 0.10283, 0.13729]",mt-rag-fiqa-beir-elser-512-100-20240501,180
"[0.08333, 0.07646, 0.08716, 0.10184]","[0.026850000000000002, 0.07611, 0.10282999999999999, 0.13729]",all,180
