nDCG,Recall,collection,count
"[0.1383, 0.11985, 0.1392, 0.16632]","[0.06073, 0.11424, 0.15843, 0.2232]",mt-rag-ibmcloud-elser-512-100-20240502,188
"[0.1383, 0.11985, 0.1392, 0.16632]","[0.06073, 0.11424, 0.15843, 0.2232]",all,188
