nDCG,Recall,collection,count
"[0.07222, 0.08152, 0.09723, 0.12169]","[0.02685, 0.082, 0.11737, 0.17705]",mt-rag-fiqa-beir-elser-512-100-20240501,180
"[0.07222, 0.08152, 0.09723, 0.12168999999999999]","[0.026850000000000002, 0.082, 0.11737, 0.17705]",all,180
