nDCG,Recall,collection,count
"[0.43284, 0.43229, 0.478, 0.52793]","[0.20547, 0.41811, 0.52809, 0.64643]",mt-rag-govt-elser-512-100-20240611,214
"[0.43284, 0.43229, 0.478, 0.52793]","[0.20547, 0.41811, 0.52809, 0.64643]",all,214
