nDCG,Recall,collection,count
"[0.54808, 0.49307, 0.53917, 0.6041]","[0.21952, 0.44461, 0.57983, 0.72644]",mt-rag-clapnq-elser-512-100-20240503,224
"[0.54808, 0.49307, 0.53917, 0.6041]","[0.21952, 0.44461, 0.57983, 0.72644]",all,224
