nDCG,Recall,collection,count
"[0.3617, 0.33412, 0.37533, 0.41412]","[0.15993, 0.32083, 0.41415, 0.50524]",mt-rag-ibmcloud-elser-512-100-20240502,205
"[0.36169999999999997, 0.33412, 0.37533, 0.41412]","[0.15993, 0.32083, 0.41415, 0.50524]",all,205
