nDCG,Recall,collection,count
"[0.41111, 0.3553, 0.39067, 0.44344]","[0.17546, 0.32381, 0.41418, 0.53197]",mt-rag-fiqa-beir-elser-512-100-20240501,199
"[0.41111, 0.3553, 0.39067, 0.44344000000000006]","[0.17545999999999998, 0.32380999999999993, 0.41418, 0.53197]",all,199
