nDCG,Recall,collection,count
"[0.54327, 0.49872, 0.54487, 0.61369]","[0.22485, 0.44861, 0.58231, 0.74143]",mt-rag-clapnq-elser-512-100-20240503,208
"[0.54327, 0.49872, 0.54487, 0.61369]","[0.22485, 0.44861, 0.58231, 0.74143]",all,208
