nDCG,Recall,collection,count
"[0.39444, 0.3709, 0.40331, 0.45405]","[0.15788, 0.34975, 0.43739, 0.55278]",mt-rag-fiqa-beir-elser-512-100-20240501,180
"[0.39444, 0.3709, 0.40331, 0.45405]","[0.15788, 0.34975, 0.43739, 0.55278]",all,180
