nDCG,Recall,collection,count
"[0.37778, 0.35034, 0.37447, 0.42317]","[0.15788, 0.3309, 0.4028, 0.51347]",mt-rag-fiqa-beir-elser-512-100-20240501,180
"[0.37778, 0.35034, 0.37447, 0.42316999999999994]","[0.15788, 0.3309, 0.40280000000000005, 0.51347]",all,180
