nDCG,Recall,collection,count
"[0.54327, 0.49901, 0.54203, 0.6071]","[0.22485, 0.44926, 0.5759, 0.72628]",mt-rag-clapnq-elser-512-100-20240503,208
"[0.54327, 0.49901000000000006, 0.54203, 0.6071]","[0.22485, 0.44926, 0.5759, 0.7262799999999999]",all,208
