nDCG,Recall,collection,count
"[0.50249, 0.49292, 0.52622, 0.57978]","[0.23646, 0.47337, 0.56215, 0.69019]",mt-rag-govt-elser-512-100-20240611,201
"[0.50249, 0.49292, 0.52622, 0.57978]","[0.23646, 0.47337000000000007, 0.56215, 0.69019]",all,201
