nDCG,Recall,collection,count
"[0.49751, 0.47338, 0.5073, 0.55742]","[0.23546, 0.45119, 0.53946, 0.66075]",mt-rag-govt-elser-512-100-20240611,201
"[0.49751, 0.47338, 0.5073, 0.55742]","[0.23546, 0.45119, 0.53946, 0.66075]",all,201
