nDCG,Recall,collection,count
"[0.49254, 0.48296, 0.51957, 0.56877]","[0.23148, 0.46367, 0.55781, 0.67234]",mt-rag-govt-elser-512-100-20240611,201
"[0.49254, 0.48296, 0.51957, 0.56877]","[0.23148, 0.46367, 0.55781, 0.67234]",all,201
