nDCG,Recall,collection,count
"[0.38889, 0.35853, 0.38517, 0.4462]","[0.15848, 0.3311, 0.41156, 0.55352]",mt-rag-fiqa-beir-elser-512-100-20240501,180
"[0.38889, 0.35853000000000007, 0.38517, 0.44620000000000004]","[0.15848, 0.3311, 0.41156, 0.55352]",all,180
