nDCG,Recall,collection,count
"[0.38806, 0.38891, 0.41315, 0.45463]","[0.17468, 0.37728, 0.44909, 0.54602]",mt-rag-govt-elser-512-100-20240611,201
"[0.38806, 0.38891, 0.41314999999999996, 0.45463]","[0.17468, 0.37728, 0.44909, 0.54602]",all,201
