nDCG,Recall,collection,count
"[0.45771, 0.43992, 0.48735, 0.54093]","[0.20843, 0.41756, 0.53381, 0.66128]",mt-rag-govt-elser-512-100-20240611,201
"[0.45771000000000006, 0.43992, 0.48735, 0.54093]","[0.20843, 0.41756, 0.53381, 0.66128]",all,201
