nDCG,Recall,collection,count
"[0.54808, 0.50147, 0.55, 0.61097]","[0.22192, 0.45887, 0.59834, 0.73686]",mt-rag-clapnq-elser-512-100-20240503,208
"[0.54808, 0.50147, 0.55, 0.61097]","[0.22192, 0.45887, 0.59834, 0.73686]",all,208
