nDCG,Recall,collection,count
"[0.25481, 0.24153, 0.26783, 0.32065]","[0.09527, 0.22253, 0.29557, 0.4266]",mt-rag-clapnq-elser-512-100-20240503,208
"[0.25481, 0.24153, 0.26783, 0.32065]","[0.09527, 0.22253, 0.29557, 0.4266]",all,208
