nDCG,Recall,collection,count
"[0.36702, 0.34777, 0.3894, 0.42488]","[0.15674, 0.33679, 0.43547, 0.52085]",mt-rag-ibmcloud-elser-512-100-20240502,188
"[0.36702000000000007, 0.34777, 0.3894, 0.42488]","[0.15674, 0.33679, 0.4354700000000001, 0.52085]",all,188
