nDCG,Recall,collection,count
"[0.13333, 0.12147, 0.14379, 0.17268]","[0.05126, 0.11751, 0.1653, 0.23341]",mt-rag-fiqa-beir-elser-512-100-20240501,180
"[0.13333, 0.12147, 0.14379, 0.17268]","[0.05126000000000001, 0.11751, 0.1653, 0.23341]",all,180
