nDCG,Recall,collection,count
"[0.27363, 0.27491, 0.3065, 0.34757]","[0.12601, 0.26595, 0.33798, 0.43476]",mt-rag-govt-elser-512-100-20240611,214
"[0.27363, 0.27491, 0.3065, 0.34757]","[0.12601, 0.26595, 0.33798, 0.43476]",all,214
