nDCG,Recall,collection,count
"[0.23404, 0.24795, 0.26733, 0.31441]","[0.12092, 0.2477, 0.29713, 0.40849]",mt-rag-ibmcloud-elser-512-100-20240502,205
"[0.23404, 0.24795000000000003, 0.26733, 0.31441]","[0.12092, 0.2477, 0.29713, 0.4084900000000001]",all,205
