nDCG,Recall,collection,count
"[0.45226, 0.39143, 0.4249, 0.48342]","[0.1709, 0.36182, 0.4537, 0.59264]",mt-rag-clapnq-elser-512-100-20240503,214
"[0.45226000000000005, 0.39143, 0.4249, 0.48342]","[0.1709, 0.36182, 0.45369999999999994, 0.59264]",all,214
