nDCG,Recall,collection,count
"[0.23333, 0.2144, 0.24574, 0.27929]","[0.10037, 0.19741, 0.27205, 0.34733]",mt-rag-fiqa-beir-elser-512-100-20240501,199
"[0.23333, 0.21440000000000003, 0.24574, 0.27929]","[0.10037, 0.19741, 0.27205, 0.34733]",all,199
