nDCG,Recall,collection,count
"[0.13298, 0.14893, 0.16695, 0.19634]","[0.07066, 0.15037, 0.19514, 0.26788]",mt-rag-ibmcloud-elser-512-100-20240502,205
"[0.13298, 0.14893, 0.16695, 0.19634]","[0.07066, 0.15037, 0.19514, 0.26788]",all,205
