nDCG,Recall,collection,count
"[0.07778, 0.08503, 0.1045, 0.12701]","[0.0287, 0.08329, 0.12811, 0.18209]",mt-rag-fiqa-beir-elser-512-100-20240501,199
"[0.07778, 0.08503000000000001, 0.10450000000000001, 0.12701]","[0.028699999999999996, 0.08329, 0.12811, 0.18208999999999997]",all,199
