nDCG,Recall,collection,count
"[0.21891, 0.2212, 0.24343, 0.27708]","[0.10182, 0.21426, 0.2702, 0.34878]",mt-rag-govt-elser-512-100-20240611,214
"[0.21891, 0.2212, 0.24343, 0.27708]","[0.10182, 0.21426, 0.2702, 0.34878]",all,214
