nDCG,Recall,collection,count
"[0.22111, 0.22235, 0.24557, 0.29014]","[0.08384, 0.2073, 0.2741, 0.38211]",mt-rag-clapnq-elser-512-100-20240503,214
"[0.22111, 0.22234999999999996, 0.24557, 0.29014]","[0.08384, 0.2073, 0.2741, 0.38211]",all,214
