nDCG,Recall,collection,count
"[0.32979, 0.3273, 0.35532, 0.39164]","[0.15754, 0.31516, 0.3914, 0.47457]",mt-rag-ibmcloud-elser-512-100-20240502,205
"[0.3297900000000001, 0.3273, 0.35532, 0.39164]","[0.15754, 0.31516, 0.3914, 0.47457]",all,205
