nDCG,Recall,collection,count
"[0.33333, 0.35981, 0.40801, 0.45657]","[0.15984, 0.35389, 0.46858, 0.5826]",mt-rag-govt-elser-512-100-20240611,214
"[0.33333, 0.35981, 0.40801, 0.45657]","[0.15984, 0.35389000000000004, 0.46858000000000005, 0.5826]",all,214
