nDCG,Recall,collection,count
"[0.37222, 0.31032, 0.34531, 0.39294]","[0.15861, 0.28172, 0.36942, 0.47999]",mt-rag-fiqa-beir-elser-512-100-20240501,199
"[0.37222, 0.31032, 0.34531, 0.39294]","[0.15861, 0.28172, 0.36942, 0.47999]",all,199
