nDCG,Recall,collection,count
"[0.49749, 0.46927, 0.51391, 0.5729]","[0.20507, 0.43259, 0.55383, 0.68814]",mt-rag-clapnq-elser-512-100-20240503,214
"[0.49749, 0.46927, 0.51391, 0.5729]","[0.20507, 0.43259, 0.55383, 0.68814]",all,214
