{
  "individual_strategies": {
    "lastturn": {
      "recall_1": 0.19812271061923076,
      "recall_3": 0.3972870879110577,
      "recall_5": 0.5112751831524038,
      "recall_10": 0.6302770146533654,
      "ndcg_cut_1": 0.47596153846153844,
      "ndcg_cut_3": 0.43662910194375,
      "ndcg_cut_5": 0.4749341295600962,
      "ndcg_cut_10": 0.5270147078836539
    },
    "rewrite": {
      "recall_1": 0.20869963369519232,
      "recall_3": 0.42437042124375,
      "recall_5": 0.5516140109899038,
      "recall_10": 0.7005494505509615,
      "ndcg_cut_1": 0.5240384615384616,
      "ndcg_cut_3": 0.46997741563509615,
      "ndcg_cut_5": 0.5134923070610576,
      "ndcg_cut_10": 0.5780442984100962
    },
    "questions": {
      "recall_1": 0.10048076922836538,
      "recall_3": 0.21899038461490383,
      "recall_5": 0.3015796703302885,
      "recall_10": 0.40867673992740383,
      "ndcg_cut_1": 0.24519230769230768,
      "ndcg_cut_3": 0.23623210226682692,
      "ndcg_cut_5": 0.2691834315831731,
      "ndcg_cut_10": 0.3153109821375
    }
  },
  "monot5_selection": {
    "recall_1": 0.1941163003625,
    "recall_3": 0.41595695970480767,
    "recall_5": 0.5393200549461539,
    "recall_10": 0.6973557692322115,
    "ndcg_cut_1": 0.4807692307692308,
    "ndcg_cut_3": 0.4530913600129808,
    "ndcg_cut_5": 0.4969828934706731,
    "ndcg_cut_10": 0.5654057584076924
  },
  "oracle": {
    "recall_1": 0.22111950548990383,
    "recall_3": 0.4503319597057692,
    "recall_5": 0.5986607142884616,
    "recall_10": 0.770352564104327,
    "ndcg_cut_1": 0.5288461538461539,
    "ndcg_cut_3": 0.49136326588173074,
    "ndcg_cut_5": 0.5470941611019231,
    "ndcg_cut_10": 0.6215542068735577
  }
}