{
  "monot5_selection": {
    "lastturn": {
      "count": 96,
      "percentage": 46.15384615384615
    },
    "rewrite": {
      "count": 90,
      "percentage": 43.269230769230774
    },
    "questions": {
      "count": 22,
      "percentage": 10.576923076923077
    }
  },
  "oracle_selection": {
    "lastturn": {
      "count": 161,
      "percentage": 77.40384615384616
    },
    "rewrite": {
      "count": 33,
      "percentage": 15.865384615384615
    },
    "questions": {
      "count": 14,
      "percentage": 6.730769230769231
    }
  }
}