{
  "monot5_recall_10": 0.6973557692322115,
  "best_individual_recall_10": 0.7005494505509615,
  "improvement_over_best_percent": -0.4558823529499935,
  "oracle_recall_10": 0.770352564104327,
  "gap_to_oracle": 0.07299679487211541,
  "gap_to_oracle_percent": 9.475764510109379,
  "total_tasks": 208,
  "retrieval_methods": [
    "elser"
  ],
  "query_strategies": [
    "lastturn",
    "rewrite",
    "questions"
  ]
}