{
  "fixed_retriever": "elser",
  "baseline_strategy": "rewrite",
  "strategy_accuracy": 0.6538461538461539,
  "avg_predicted_score": 0.4603602620089743,
  "avg_oracle_score": 0.5231893917493589,
  "avg_baseline_score": 0.44440684881346154,
  "performance_gap": 0.06282912974038457,
  "performance_captured_ratio": 87.99113079676437,
  "gap_captured": 20.249934314120193,
  "improvement_over_baseline": 0.015953413195512745,
  "improvement_over_baseline_pct": 3.589821632611504,
  "test_size": 156,
  "train_size": 621,
  "valid_samples": 156,
  "classification_report": {
    "lastturn": {
      "precision": 0.639344262295082,
      "recall": 0.9285714285714286,
      "f1-score": 0.7572815533980582,
      "support": 84.0
    },
    "questions": {
      "precision": 0.5,
      "recall": 0.42857142857142855,
      "f1-score": 0.46153846153846156,
      "support": 14.0
    },
    "rewrite": {
      "precision": 0.8181818181818182,
      "recall": 0.3103448275862069,
      "f1-score": 0.45,
      "support": 58.0
    },
    "accuracy": 0.6538461538461539,
    "macro avg": {
      "precision": 0.6525086934923001,
      "recall": 0.5558292282430214,
      "f1-score": 0.5562733383121733,
      "support": 156.0
    },
    "weighted avg": {
      "precision": 0.6933298941495664,
      "recall": 0.6538461538461539,
      "f1-score": 0.6164948009421497,
      "support": 156.0
    }
  },
  "confusion_matrix": [
    [
      78,
      3,
      3
    ],
    [
      7,
      6,
      1
    ],
    [
      37,
      3,
      18
    ]
  ],
  "labels": [
    "lastturn",
    "questions",
    "rewrite"
  ]
}