{
  "fixed_retriever": "elser",
  "baseline_strategy": "rewrite",
  "strategy_accuracy": 0.6538461538461539,
  "avg_predicted_score": 0.4603602620089743,
  "avg_oracle_score": 0.5231893917493589,
  "avg_baseline_score": 0.44440684881346154,
  "performance_gap": 0.06282912974038457,
  "performance_captured_ratio": 87.99113079676437,
  "gap_captured": 20.249934314120193,
  "improvement_over_baseline": 0.015953413195512745,
  "improvement_over_baseline_pct": 3.589821632611504,
  "test_size": 156,
  "train_size": 621,
  "valid_samples": 156
}