{
  "individual_combinations": {
    "bm25_lastturn": {
      "recall_1": 0.0774038461514423,
      "recall_3": 0.16844093406346153,
      "recall_5": 0.22305402930336538,
      "recall_10": 0.33665293040240385,
      "ndcg_cut_1": 0.20673076923076922,
      "ndcg_cut_3": 0.19030900147596153,
      "ndcg_cut_5": 0.20778804183125,
      "ndcg_cut_10": 0.255216907775
    },
    "bm25_rewrite": {
      "recall_1": 0.08934294871490385,
      "recall_3": 0.19360119047307692,
      "recall_5": 0.27024954212307695,
      "recall_10": 0.3889995421235577,
      "ndcg_cut_1": 0.24519230769230768,
      "ndcg_cut_3": 0.21822214788365385,
      "ndcg_cut_5": 0.2453298474701923,
      "ndcg_cut_10": 0.2936564327230769
    },
    "bm25_questions": {
      "recall_1": 0.06794871794711538,
      "recall_3": 0.14868360805865385,
      "recall_5": 0.20914606227067306,
      "recall_10": 0.29096840659278844,
      "ndcg_cut_1": 0.1971153846153846,
      "ndcg_cut_3": 0.17082295546346155,
      "ndcg_cut_5": 0.19331330646057693,
      "ndcg_cut_10": 0.22830775210528845
    },
    "elser_lastturn": {
      "recall_1": 0.19812271061923076,
      "recall_3": 0.3972870879110577,
      "recall_5": 0.5112751831524038,
      "recall_10": 0.6302770146533654,
      "ndcg_cut_1": 0.47596153846153844,
      "ndcg_cut_3": 0.43662910194375,
      "ndcg_cut_5": 0.4749341295600962,
      "ndcg_cut_10": 0.5270147078836539
    },
    "elser_rewrite": {
      "recall_1": 0.20869963369519232,
      "recall_3": 0.42437042124375,
      "recall_5": 0.5516140109899038,
      "recall_10": 0.7005494505509615,
      "ndcg_cut_1": 0.5240384615384616,
      "ndcg_cut_3": 0.46997741563509615,
      "ndcg_cut_5": 0.5134923070610576,
      "ndcg_cut_10": 0.5780442984100962
    },
    "elser_questions": {
      "recall_1": 0.10048076922836538,
      "recall_3": 0.21899038461490383,
      "recall_5": 0.3015796703302885,
      "recall_10": 0.40867673992740383,
      "ndcg_cut_1": 0.24519230769230768,
      "ndcg_cut_3": 0.23623210226682692,
      "ndcg_cut_5": 0.2691834315831731,
      "ndcg_cut_10": 0.3153109821375
    },
    "bge_lastturn": {
      "recall_1": 0.15525412087596155,
      "recall_3": 0.3040979853471154,
      "recall_5": 0.3879120879120192,
      "recall_10": 0.5224473443225961,
      "ndcg_cut_1": 0.3942307692307692,
      "ndcg_cut_3": 0.3410877082903846,
      "ndcg_cut_5": 0.367463552225,
      "ndcg_cut_10": 0.4242946870706731
    },
    "bge_rewrite": {
      "recall_1": 0.17424450548990383,
      "recall_3": 0.3753319597057692,
      "recall_5": 0.46187042124567307,
      "recall_10": 0.6062614468884615,
      "ndcg_cut_1": 0.47115384615384615,
      "ndcg_cut_3": 0.41244613942596153,
      "ndcg_cut_5": 0.4376024824793269,
      "ndcg_cut_10": 0.4981998617975962
    },
    "bge_questions": {
      "recall_1": 0.0747252747235577,
      "recall_3": 0.17693452380817307,
      "recall_5": 0.27757554945,
      "recall_10": 0.38364239926875,
      "ndcg_cut_1": 0.20673076923076922,
      "ndcg_cut_3": 0.19364803517499998,
      "ndcg_cut_5": 0.23703235473990383,
      "ndcg_cut_10": 0.28155567024278844
    }
  },
  "oracle": {
    "performance": {
      "recall_1": 0.28246336995721155,
      "recall_3": 0.5565934065942307,
      "recall_5": 0.6676968864475962,
      "recall_10": 0.8080586080591347,
      "ndcg_cut_1": 0.6730769230769231,
      "ndcg_cut_3": 0.6111349337745192,
      "ndcg_cut_5": 0.6433488105995192,
      "ndcg_cut_10": 0.70319264648125
    },
    "combination_distribution": {
      "elser_rewrite": 33,
      "elser_lastturn": 70,
      "bge_lastturn": 20,
      "bge_rewrite": 19,
      "bm25_lastturn": 29,
      "bm25_questions": 14,
      "elser_questions": 10,
      "bm25_rewrite": 5,
      "bge_questions": 8
    },
    "total_tasks": 208
  }
}