{
  "individual_combinations": {
    "bm25_lastturn": {
      "recall_1": 0.10301418439627659,
      "recall_3": 0.17678571428457446,
      "recall_5": 0.21579280648404256,
      "recall_10": 0.285790273556383,
      "ndcg_cut_1": 0.19148936170212766,
      "ndcg_cut_3": 0.1840779181031915,
      "ndcg_cut_5": 0.19886899482659573,
      "ndcg_cut_10": 0.2269223549212766
    },
    "bm25_rewrite": {
      "recall_1": 0.09636524822553191,
      "recall_3": 0.16925025329148935,
      "recall_5": 0.21667933130691489,
      "recall_10": 0.31407041540053193,
      "ndcg_cut_1": 0.18617021276595744,
      "ndcg_cut_3": 0.17651880259787234,
      "ndcg_cut_5": 0.19417651676595746,
      "ndcg_cut_10": 0.23289069956968084
    },
    "bm25_questions": {
      "recall_1": 0.06072695035265957,
      "recall_3": 0.11423505572393616,
      "recall_5": 0.15843465045531915,
      "recall_10": 0.22320162107393618,
      "ndcg_cut_1": 0.13829787234042554,
      "ndcg_cut_3": 0.11984667412819149,
      "ndcg_cut_5": 0.13920104217074467,
      "ndcg_cut_10": 0.16632346459202127
    },
    "elser_lastturn": {
      "recall_1": 0.17881205673404255,
      "recall_3": 0.353368794325,
      "recall_5": 0.420124113475,
      "recall_10": 0.5036474164138298,
      "ndcg_cut_1": 0.3723404255319149,
      "ndcg_cut_3": 0.36733929684148936,
      "ndcg_cut_5": 0.38944317374893617,
      "ndcg_cut_10": 0.42729343518191487
    },
    "elser_rewrite": {
      "recall_1": 0.17925531914521275,
      "recall_3": 0.3529255319138298,
      "recall_5": 0.4296605876398936,
      "recall_10": 0.528026849037766,
      "ndcg_cut_1": 0.3776595744680851,
      "ndcg_cut_3": 0.3654133410398936,
      "ndcg_cut_5": 0.3939635606287234,
      "ndcg_cut_10": 0.4377013035117021
    },
    "elser_questions": {
      "recall_1": 0.07039007092021277,
      "recall_3": 0.15186170212712766,
      "recall_5": 0.2179964539,
      "recall_10": 0.3036854103356383,
      "ndcg_cut_1": 0.16489361702127658,
      "ndcg_cut_3": 0.15649209082606383,
      "ndcg_cut_5": 0.18612637869893617,
      "ndcg_cut_10": 0.2220355996505319
    },
    "bge_lastturn": {
      "recall_1": 0.12242907801170212,
      "recall_3": 0.2543439716287234,
      "recall_5": 0.31224670719148934,
      "recall_10": 0.38144630192340423,
      "ndcg_cut_1": 0.25,
      "ndcg_cut_3": 0.2527081769329787,
      "ndcg_cut_5": 0.2758816102707447,
      "ndcg_cut_10": 0.3073609233569149
    },
    "bge_rewrite": {
      "recall_1": 0.1476950354574468,
      "recall_3": 0.2710106382957447,
      "recall_5": 0.3382978723393617,
      "recall_10": 0.42258105369734045,
      "ndcg_cut_1": 0.2925531914893617,
      "ndcg_cut_3": 0.2761195470856383,
      "ndcg_cut_5": 0.303482951268617,
      "ndcg_cut_10": 0.3420089205760638
    },
    "bge_questions": {
      "recall_1": 0.049822695034042554,
      "recall_3": 0.14840425531702128,
      "recall_5": 0.19539007092127658,
      "recall_10": 0.2449088145893617,
      "ndcg_cut_1": 0.1276595744680851,
      "ndcg_cut_3": 0.14083142438989363,
      "ndcg_cut_5": 0.1624633502574468,
      "ndcg_cut_10": 0.18432053234521276
    }
  },
  "oracle": {
    "performance": {
      "recall_1": 0.28608156027659576,
      "recall_3": 0.4887537993904255,
      "recall_5": 0.5753672745702128,
      "recall_10": 0.6831306990888297,
      "ndcg_cut_1": 0.6063829787234043,
      "ndcg_cut_3": 0.5305138318585106,
      "ndcg_cut_5": 0.5588135888537233,
      "ndcg_cut_10": 0.6059981727946808
    },
    "combination_distribution": {
      "bge_lastturn": 17,
      "elser_lastturn": 57,
      "bm25_rewrite": 6,
      "elser_rewrite": 20,
      "bm25_lastturn": 47,
      "elser_questions": 11,
      "bge_rewrite": 12,
      "bm25_questions": 11,
      "bge_questions": 7
    },
    "total_tasks": 188
  }
}