{
  "individual_combinations": {
    "bm25_lastturn": {
      "recall_1": 0.02685185185111111,
      "recall_3": 0.0819973544961111,
      "recall_5": 0.11736772486666666,
      "recall_10": 0.17705026455,
      "ndcg_cut_1": 0.07222222222222222,
      "ndcg_cut_3": 0.08151797399444444,
      "ndcg_cut_5": 0.09723160661222222,
      "ndcg_cut_10": 0.12168707466277777
    },
    "bm25_rewrite": {
      "recall_1": 0.05277777777611111,
      "recall_3": 0.11527777777555555,
      "recall_5": 0.17366402116166665,
      "recall_10": 0.24199735449777776,
      "ndcg_cut_1": 0.12777777777777777,
      "ndcg_cut_3": 0.11986207526333333,
      "ndcg_cut_5": 0.1460455663322222,
      "ndcg_cut_10": 0.17368327526222221
    },
    "bm25_questions": {
      "recall_1": 0.02685185185111111,
      "recall_3": 0.07611111110944445,
      "recall_5": 0.10283068782888889,
      "recall_10": 0.1372883597877778,
      "ndcg_cut_1": 0.08333333333333333,
      "ndcg_cut_3": 0.07646315039777778,
      "ndcg_cut_5": 0.08715587009611112,
      "ndcg_cut_10": 0.10183528492111112
    },
    "elser_lastturn": {
      "recall_1": 0.14644179893777778,
      "recall_3": 0.2930291005272222,
      "recall_5": 0.37048941799,
      "recall_10": 0.47187830688,
      "ndcg_cut_1": 0.34444444444444444,
      "ndcg_cut_3": 0.3197796110038889,
      "ndcg_cut_5": 0.347687701385,
      "ndcg_cut_10": 0.39090293542944443
    },
    "elser_rewrite": {
      "recall_1": 0.16305555555166668,
      "recall_3": 0.3099206349183333,
      "recall_5": 0.40164021163999997,
      "recall_10": 0.5357539682555555,
      "ndcg_cut_1": 0.3888888888888889,
      "ndcg_cut_3": 0.34412361237944444,
      "ndcg_cut_5": 0.3779140576511111,
      "ndcg_cut_10": 0.4355262122833333
    },
    "elser_questions": {
      "recall_1": 0.08166666666388889,
      "recall_3": 0.1602380952361111,
      "recall_5": 0.19125661375666667,
      "recall_10": 0.2494576719572222,
      "ndcg_cut_1": 0.18333333333333332,
      "ndcg_cut_3": 0.16834266411555554,
      "ndcg_cut_5": 0.1818086157422222,
      "ndcg_cut_10": 0.20710449072111112
    },
    "bge_lastturn": {
      "recall_1": 0.10320105819944445,
      "recall_3": 0.20677248677055554,
      "recall_5": 0.2632142857122222,
      "recall_10": 0.3671560846561111,
      "ndcg_cut_1": 0.2388888888888889,
      "ndcg_cut_3": 0.2265856506761111,
      "ndcg_cut_5": 0.24766736560555555,
      "ndcg_cut_10": 0.2912645364111111
    },
    "bge_rewrite": {
      "recall_1": 0.12958994708777777,
      "recall_3": 0.24924603174499999,
      "recall_5": 0.3077248677238889,
      "recall_10": 0.41834656084666666,
      "ndcg_cut_1": 0.3111111111111111,
      "ndcg_cut_3": 0.274206475965,
      "ndcg_cut_5": 0.2938025583366667,
      "ndcg_cut_10": 0.3410186439294444
    },
    "bge_questions": {
      "recall_1": 0.05231481481333333,
      "recall_3": 0.09490740740666667,
      "recall_5": 0.13537037036833333,
      "recall_10": 0.18398148147944443,
      "ndcg_cut_1": 0.1111111111111111,
      "ndcg_cut_3": 0.09878632591166667,
      "ndcg_cut_5": 0.11994697719388889,
      "ndcg_cut_10": 0.1389332137938889
    }
  },
  "oracle": {
    "performance": {
      "recall_1": 0.24190476189833332,
      "recall_3": 0.42720899470722223,
      "recall_5": 0.5113359788355556,
      "recall_10": 0.6279365079388889,
      "ndcg_cut_1": 0.6,
      "ndcg_cut_3": 0.48904649401833333,
      "ndcg_cut_5": 0.513409886795,
      "ndcg_cut_10": 0.5628278278655555
    },
    "combination_distribution": {
      "bge_rewrite": 11,
      "bm25_lastturn": 26,
      "bge_questions": 3,
      "bm25_rewrite": 8,
      "elser_lastturn": 63,
      "elser_rewrite": 31,
      "bge_lastturn": 21,
      "elser_questions": 10,
      "bm25_questions": 7
    },
    "total_tasks": 180
  }
}