{
  "individual_combinations": {
    "bm25_lastturn": {
      "recall_1": 0.08157443157271557,
      "recall_3": 0.1667708524837838,
      "recall_5": 0.21521010806692406,
      "recall_10": 0.2992461849603604,
      "ndcg_cut_1": 0.1866151866151866,
      "ndcg_cut_3": 0.17822701302972974,
      "ndcg_cut_5": 0.19610069096460747,
      "ndcg_cut_10": 0.23085520338996138
    },
    "bm25_rewrite": {
      "recall_1": 0.09047619047400257,
      "recall_3": 0.18919531776512227,
      "recall_5": 0.24979469265083654,
      "recall_10": 0.3489612061041184,
      "ndcg_cut_1": 0.21106821106821108,
      "ndcg_cut_3": 0.19992601512651223,
      "ndcg_cut_5": 0.22287110201930502,
      "ndcg_cut_10": 0.26360201675250966
    },
    "bm25_questions": {
      "recall_1": 0.06307736307580437,
      "recall_3": 0.13933525362059201,
      "recall_5": 0.1845028702168597,
      "recall_10": 0.2504601540316602,
      "ndcg_cut_1": 0.15572715572715573,
      "ndcg_cut_3": 0.14650700954118404,
      "ndcg_cut_5": 0.1643736028059202,
      "ndcg_cut_10": 0.1923919270185328
    },
    "elser_lastturn": {
      "recall_1": 0.17253988682200772,
      "recall_3": 0.34903883475186614,
      "recall_5": 0.43944454658815957,
      "recall_10": 0.5444536373119692,
      "ndcg_cut_1": 0.3886743886743887,
      "ndcg_cut_3": 0.3731897877202059,
      "ndcg_cut_5": 0.4054060522846847,
      "ndcg_cut_10": 0.4510734550826255
    },
    "elser_rewrite": {
      "recall_1": 0.18709219423101672,
      "recall_3": 0.3722763579891892,
      "recall_5": 0.47614400114427285,
      "recall_10": 0.6078047435203346,
      "ndcg_cut_1": 0.42857142857142855,
      "ndcg_cut_3": 0.3991537710245817,
      "ndcg_cut_5": 0.4377786008137709,
      "ndcg_cut_10": 0.4952663626936937
    },
    "elser_questions": {
      "recall_1": 0.09161304161081081,
      "recall_3": 0.20108475822676963,
      "recall_5": 0.2693540479254826,
      "recall_10": 0.35702488202535393,
      "ndcg_cut_1": 0.2084942084942085,
      "ndcg_cut_3": 0.20790409474041183,
      "ndcg_cut_5": 0.23680651976293435,
      "ndcg_cut_10": 0.27397393996486485
    },
    "bge_lastturn": {
      "recall_1": 0.12958264386589446,
      "recall_3": 0.2592224877927928,
      "recall_5": 0.3266766766756757,
      "recall_10": 0.4276592919451737,
      "ndcg_cut_1": 0.2985842985842986,
      "ndcg_cut_3": 0.27667043961287,
      "ndcg_cut_5": 0.3013071799120978,
      "ndcg_cut_10": 0.3444872276320463
    },
    "bge_rewrite": {
      "recall_1": 0.15289166717387387,
      "recall_3": 0.30474760474633206,
      "recall_5": 0.3812756634181467,
      "recall_10": 0.49804089804131274,
      "ndcg_cut_1": 0.3577863577863578,
      "ndcg_cut_3": 0.32577137542084944,
      "ndcg_cut_5": 0.3538795302078507,
      "ndcg_cut_10": 0.4037427057028314
    },
    "bge_questions": {
      "recall_1": 0.06382607096743886,
      "recall_3": 0.15375681804157013,
      "recall_5": 0.21148955077451737,
      "recall_10": 0.28293497579189186,
      "ndcg_cut_1": 0.15186615186615188,
      "ndcg_cut_3": 0.15509272535598456,
      "ndcg_cut_5": 0.18140745862329472,
      "ndcg_cut_10": 0.21161400654787643
    }
  },
  "oracle": {
    "performance": {
      "recall_1": 0.2789871504091377,
      "recall_3": 0.5127239484380952,
      "recall_5": 0.6122372372379665,
      "recall_10": 0.735164756594852,
      "ndcg_cut_1": 0.6357786357786358,
      "ndcg_cut_3": 0.5618649111917632,
      "ndcg_cut_5": 0.5932205317830116,
      "ndcg_cut_10": 0.6459410171563706
    },
    "combination_distribution": {
      "bm25_questions": 44,
      "elser_questions": 49,
      "elser_rewrite": 115,
      "bge_lastturn": 75,
      "bge_rewrite": 56,
      "elser_lastturn": 241,
      "bge_questions": 21,
      "bm25_lastturn": 146,
      "bm25_rewrite": 30
    },
    "total_tasks": 777
  }
}