{
  "individual_combinations": {
    "bm25_lastturn": {
      "recall_1": 0.1148424543920398,
      "recall_3": 0.2315920398004975,
      "recall_5": 0.29416804864626867,
      "recall_10": 0.38255152807412934,
      "ndcg_cut_1": 0.263681592039801,
      "ndcg_cut_3": 0.24685688007313433,
      "ndcg_cut_5": 0.269956537119403,
      "ndcg_cut_10": 0.3070860699119403
    },
    "bm25_rewrite": {
      "recall_1": 0.11990049750995024,
      "recall_3": 0.26948590381442783,
      "recall_5": 0.3277777777776119,
      "recall_10": 0.43595119639950247,
      "ndcg_cut_1": 0.2736318407960199,
      "ndcg_cut_3": 0.2745850674512438,
      "ndcg_cut_5": 0.29526791494228855,
      "ndcg_cut_10": 0.3417501887761194
    },
    "bm25_questions": {
      "recall_1": 0.09267551133034825,
      "recall_3": 0.20975677169751245,
      "recall_5": 0.2565229408527363,
      "recall_10": 0.33538458501293533,
      "ndcg_cut_1": 0.19402985074626866,
      "ndcg_cut_3": 0.20900611875323383,
      "ndcg_cut_5": 0.22712074174626865,
      "ndcg_cut_10": 0.26070324490746266
    },
    "elser_lastturn": {
      "recall_1": 0.16357103371691542,
      "recall_3": 0.3452183526800995,
      "recall_5": 0.44493405985970147,
      "recall_10": 0.558801231936816,
      "ndcg_cut_1": 0.35323383084577115,
      "ndcg_cut_3": 0.3608432540666667,
      "ndcg_cut_5": 0.4000751281721393,
      "ndcg_cut_10": 0.4486135381487562
    },
    "elser_rewrite": {
      "recall_1": 0.1935876174641791,
      "recall_3": 0.39230829977014925,
      "recall_5": 0.5082425175706468,
      "recall_10": 0.6509713338089552,
      "ndcg_cut_1": 0.4129353233830846,
      "ndcg_cut_3": 0.40670258353333333,
      "ndcg_cut_5": 0.4540193690955224,
      "ndcg_cut_10": 0.5169462013557213
    },
    "elser_questions": {
      "recall_1": 0.11119402984875622,
      "recall_3": 0.2651741293527363,
      "recall_5": 0.35398009950248754,
      "recall_10": 0.44979270315124376,
      "ndcg_cut_1": 0.23383084577114427,
      "ndcg_cut_3": 0.2621045359487562,
      "ndcg_cut_5": 0.29995622914179104,
      "ndcg_cut_10": 0.33965953235820895
    },
    "bge_lastturn": {
      "recall_1": 0.13333333333084577,
      "recall_3": 0.2643173023776119,
      "recall_5": 0.3336373687119403,
      "recall_10": 0.4269762299631841,
      "ndcg_cut_1": 0.29850746268656714,
      "ndcg_cut_3": 0.277274297859204,
      "ndcg_cut_5": 0.3046636387512438,
      "ndcg_cut_10": 0.3442876159915423
    },
    "bge_rewrite": {
      "recall_1": 0.1565229408477612,
      "recall_3": 0.31296296296218906,
      "recall_5": 0.4039386401328358,
      "recall_10": 0.5279988944169154,
      "ndcg_cut_1": 0.34328358208955223,
      "ndcg_cut_3": 0.3286961252517413,
      "ndcg_cut_5": 0.36817822525721394,
      "ndcg_cut_10": 0.4199078512517413
    },
    "bge_questions": {
      "recall_1": 0.07595356550447761,
      "recall_3": 0.18747927031542289,
      "recall_5": 0.22632669983432835,
      "recall_10": 0.30290215588706465,
      "ndcg_cut_1": 0.15422885572139303,
      "ndcg_cut_3": 0.17895726286467661,
      "ndcg_cut_5": 0.19660348169701491,
      "ndcg_cut_10": 0.22985206524079602
    }
  },
  "oracle": {
    "performance": {
      "recall_1": 0.3019624101646766,
      "recall_3": 0.5663270946870647,
      "recall_5": 0.679690831558209,
      "recall_10": 0.8044262812945273,
      "ndcg_cut_1": 0.6567164179104478,
      "ndcg_cut_3": 0.6054129376029851,
      "ndcg_cut_5": 0.6450003296671641,
      "ndcg_cut_10": 0.6984847480656716
    },
    "combination_distribution": {
      "elser_rewrite": 31,
      "elser_lastturn": 51,
      "bm25_lastturn": 44,
      "bge_lastturn": 17,
      "bge_rewrite": 14,
      "bm25_rewrite": 11,
      "bm25_questions": 12,
      "elser_questions": 18,
      "bge_questions": 3
    },
    "total_tasks": 201
  }
}