{
  "individual_strategies": {
    "lastturn": {
      "recall_1": 0.17253988682200772,
      "recall_3": 0.34903883475186614,
      "recall_5": 0.43944454658815957,
      "recall_10": 0.5444536373119692,
      "ndcg_cut_1": 0.3886743886743887,
      "ndcg_cut_3": 0.3731897877202059,
      "ndcg_cut_5": 0.4054060522846847,
      "ndcg_cut_10": 0.4510734550826255
    },
    "rewrite": {
      "recall_1": 0.18709219423101672,
      "recall_3": 0.3722763579891892,
      "recall_5": 0.47614400114427285,
      "recall_10": 0.6078047435203346,
      "ndcg_cut_1": 0.42857142857142855,
      "ndcg_cut_3": 0.3991537710245817,
      "ndcg_cut_5": 0.4377786008137709,
      "ndcg_cut_10": 0.4952663626936937
    },
    "questions": {
      "recall_1": 0.09161304161081081,
      "recall_3": 0.20108475822676963,
      "recall_5": 0.2693540479254826,
      "recall_10": 0.35702488202535393,
      "ndcg_cut_1": 0.2084942084942085,
      "ndcg_cut_3": 0.20790409474041183,
      "ndcg_cut_5": 0.23680651976293435,
      "ndcg_cut_10": 0.27397393996486485
    }
  },
  "oracle": {
    "performance": {
      "recall_1": 0.23169904597966537,
      "recall_3": 0.44756184756100387,
      "recall_5": 0.5556010091734878,
      "recall_10": 0.6928479499929215,
      "ndcg_cut_1": 0.5238095238095238,
      "ndcg_cut_3": 0.48247443074208496,
      "ndcg_cut_5": 0.5208925608666667,
      "ndcg_cut_10": 0.58052938651287
    },
    "strategy_distribution": {
      "rewrite": 186,
      "lastturn": 496,
      "questions": 95
    },
    "total_tasks": 777
  }
}