{
  "individual_strategies": {
    "lastturn": {
      "recall_1": 0.1148424543920398,
      "recall_3": 0.2315920398004975,
      "recall_5": 0.29416804864626867,
      "recall_10": 0.38255152807412934,
      "ndcg_cut_1": 0.263681592039801,
      "ndcg_cut_3": 0.24685688007313433,
      "ndcg_cut_5": 0.269956537119403,
      "ndcg_cut_10": 0.3070860699119403
    },
    "rewrite": {
      "recall_1": 0.11990049750995024,
      "recall_3": 0.26948590381442783,
      "recall_5": 0.3277777777776119,
      "recall_10": 0.43595119639950247,
      "ndcg_cut_1": 0.2736318407960199,
      "ndcg_cut_3": 0.2745850674512438,
      "ndcg_cut_5": 0.29526791494228855,
      "ndcg_cut_10": 0.3417501887761194
    },
    "questions": {
      "recall_1": 0.09267551133034825,
      "recall_3": 0.20975677169751245,
      "recall_5": 0.2565229408527363,
      "recall_10": 0.33538458501293533,
      "ndcg_cut_1": 0.19402985074626866,
      "ndcg_cut_3": 0.20900611875323383,
      "ndcg_cut_5": 0.22712074174626865,
      "ndcg_cut_10": 0.26070324490746266
    }
  },
  "oracle": {
    "performance": {
      "recall_1": 0.16791044775721392,
      "recall_3": 0.3398009950248756,
      "recall_5": 0.42435046987313435,
      "recall_10": 0.5238865197830845,
      "ndcg_cut_1": 0.3781094527363184,
      "ndcg_cut_3": 0.356530771979602,
      "ndcg_cut_5": 0.38860214872139304,
      "ndcg_cut_10": 0.4310622604278607
    },
    "strategy_distribution": {
      "lastturn": 133,
      "rewrite": 38,
      "questions": 30
    },
    "total_tasks": 201
  }
}