{
  "individual_strategies": {
    "lastturn": {
      "recall_1": 0.19812271061923076,
      "recall_3": 0.3972870879110577,
      "recall_5": 0.5112751831524038,
      "recall_10": 0.6302770146533654,
      "ndcg_cut_1": 0.47596153846153844,
      "ndcg_cut_3": 0.43662910194375,
      "ndcg_cut_5": 0.4749341295600962,
      "ndcg_cut_10": 0.5270147078836539
    },
    "rewrite": {
      "recall_1": 0.20869963369519232,
      "recall_3": 0.42437042124375,
      "recall_5": 0.5516140109899038,
      "recall_10": 0.7005494505509615,
      "ndcg_cut_1": 0.5240384615384616,
      "ndcg_cut_3": 0.46997741563509615,
      "ndcg_cut_5": 0.5134923070610576,
      "ndcg_cut_10": 0.5780442984100962
    },
    "questions": {
      "recall_1": 0.10048076922836538,
      "recall_3": 0.21899038461490383,
      "recall_5": 0.3015796703302885,
      "recall_10": 0.40867673992740383,
      "ndcg_cut_1": 0.24519230769230768,
      "ndcg_cut_3": 0.23623210226682692,
      "ndcg_cut_5": 0.2691834315831731,
      "ndcg_cut_10": 0.3153109821375
    }
  },
  "oracle": {
    "performance": {
      "recall_1": 0.25076694138653843,
      "recall_3": 0.49856913919375,
      "recall_5": 0.6268658424932693,
      "recall_10": 0.7663461538480769,
      "ndcg_cut_1": 0.5913461538461539,
      "ndcg_cut_3": 0.5458465737211539,
      "ndcg_cut_5": 0.5889704522927884,
      "ndcg_cut_10": 0.6495301655870193
    },
    "strategy_distribution": {
      "lastturn": 129,
      "questions": 25,
      "rewrite": 54
    },
    "total_tasks": 208
  }
}