{
  "individual_strategies": {
    "lastturn": {
      "recall_1": 0.12958264386589446,
      "recall_3": 0.2592224877927928,
      "recall_5": 0.3266766766756757,
      "recall_10": 0.4276592919451737,
      "ndcg_cut_1": 0.2985842985842986,
      "ndcg_cut_3": 0.27667043961287,
      "ndcg_cut_5": 0.3013071799120978,
      "ndcg_cut_10": 0.3444872276320463
    },
    "rewrite": {
      "recall_1": 0.15289166717387387,
      "recall_3": 0.30474760474633206,
      "recall_5": 0.3812756634181467,
      "recall_10": 0.49804089804131274,
      "ndcg_cut_1": 0.3577863577863578,
      "ndcg_cut_3": 0.32577137542084944,
      "ndcg_cut_5": 0.3538795302078507,
      "ndcg_cut_10": 0.4037427057028314
    },
    "questions": {
      "recall_1": 0.06382607096743886,
      "recall_3": 0.15375681804157013,
      "recall_5": 0.21148955077451737,
      "recall_10": 0.28293497579189186,
      "ndcg_cut_1": 0.15186615186615188,
      "ndcg_cut_3": 0.15509272535598456,
      "ndcg_cut_5": 0.18140745862329472,
      "ndcg_cut_10": 0.21161400654787643
    }
  },
  "oracle": {
    "performance": {
      "recall_1": 0.17712099854581725,
      "recall_3": 0.35078241506692404,
      "recall_5": 0.4378363056931789,
      "recall_10": 0.5663745378041184,
      "ndcg_cut_1": 0.4118404118404118,
      "ndcg_cut_3": 0.3763379423003861,
      "ndcg_cut_5": 0.40824922633178895,
      "ndcg_cut_10": 0.46287009784581723
    },
    "strategy_distribution": {
      "rewrite": 213,
      "lastturn": 488,
      "questions": 76
    },
    "total_tasks": 777
  }
}