{
  "individual_strategies": {
    "lastturn": {
      "recall_1": 0.13333333333084577,
      "recall_3": 0.2643173023776119,
      "recall_5": 0.3336373687119403,
      "recall_10": 0.4269762299631841,
      "ndcg_cut_1": 0.29850746268656714,
      "ndcg_cut_3": 0.277274297859204,
      "ndcg_cut_5": 0.3046636387512438,
      "ndcg_cut_10": 0.3442876159915423
    },
    "rewrite": {
      "recall_1": 0.1565229408477612,
      "recall_3": 0.31296296296218906,
      "recall_5": 0.4039386401328358,
      "recall_10": 0.5279988944169154,
      "ndcg_cut_1": 0.34328358208955223,
      "ndcg_cut_3": 0.3286961252517413,
      "ndcg_cut_5": 0.36817822525721394,
      "ndcg_cut_10": 0.4199078512517413
    },
    "questions": {
      "recall_1": 0.07595356550447761,
      "recall_3": 0.18747927031542289,
      "recall_5": 0.22632669983432835,
      "recall_10": 0.30290215588706465,
      "ndcg_cut_1": 0.15422885572139303,
      "ndcg_cut_3": 0.17895726286467661,
      "ndcg_cut_5": 0.19660348169701491,
      "ndcg_cut_10": 0.22985206524079602
    }
  },
  "oracle": {
    "performance": {
      "recall_1": 0.19690436704975123,
      "recall_3": 0.3872581536761194,
      "recall_5": 0.47433665008308457,
      "recall_10": 0.6017136539537313,
      "ndcg_cut_1": 0.43283582089552236,
      "ndcg_cut_3": 0.40927655170646765,
      "ndcg_cut_5": 0.4435547098562189,
      "ndcg_cut_10": 0.49703047420746266
    },
    "strategy_distribution": {
      "rewrite": 57,
      "lastturn": 120,
      "questions": 24
    },
    "total_tasks": 201
  }
}