{
  "individual_strategies": {
    "lastturn": {
      "recall_1": 0.10301418439627659,
      "recall_3": 0.17678571428457446,
      "recall_5": 0.21579280648404256,
      "recall_10": 0.285790273556383,
      "ndcg_cut_1": 0.19148936170212766,
      "ndcg_cut_3": 0.1840779181031915,
      "ndcg_cut_5": 0.19886899482659573,
      "ndcg_cut_10": 0.2269223549212766
    },
    "rewrite": {
      "recall_1": 0.09636524822553191,
      "recall_3": 0.16925025329148935,
      "recall_5": 0.21667933130691489,
      "recall_10": 0.31407041540053193,
      "ndcg_cut_1": 0.18617021276595744,
      "ndcg_cut_3": 0.17651880259787234,
      "ndcg_cut_5": 0.19417651676595746,
      "ndcg_cut_10": 0.23289069956968084
    },
    "questions": {
      "recall_1": 0.06072695035265957,
      "recall_3": 0.11423505572393616,
      "recall_5": 0.15843465045531915,
      "recall_10": 0.22320162107393618,
      "ndcg_cut_1": 0.13829787234042554,
      "ndcg_cut_3": 0.11984667412819149,
      "ndcg_cut_5": 0.13920104217074467,
      "ndcg_cut_10": 0.16632346459202127
    }
  },
  "oracle": {
    "performance": {
      "recall_1": 0.14246453900425532,
      "recall_3": 0.23839918946170213,
      "recall_5": 0.28582826747712764,
      "recall_10": 0.39075481256382977,
      "ndcg_cut_1": 0.28191489361702127,
      "ndcg_cut_3": 0.2520869865292553,
      "ndcg_cut_5": 0.27019644474414894,
      "ndcg_cut_10": 0.31293424324946806
    },
    "strategy_distribution": {
      "questions": 22,
      "lastturn": 147,
      "rewrite": 19
    },
    "total_tasks": 188
  }
}