{
  "individual_strategies": {
    "lastturn": {
      "recall_1": 0.02685185185111111,
      "recall_3": 0.0819973544961111,
      "recall_5": 0.11736772486666666,
      "recall_10": 0.17705026455,
      "ndcg_cut_1": 0.07222222222222222,
      "ndcg_cut_3": 0.08151797399444444,
      "ndcg_cut_5": 0.09723160661222222,
      "ndcg_cut_10": 0.12168707466277777
    },
    "rewrite": {
      "recall_1": 0.05277777777611111,
      "recall_3": 0.11527777777555555,
      "recall_5": 0.17366402116166665,
      "recall_10": 0.24199735449777776,
      "ndcg_cut_1": 0.12777777777777777,
      "ndcg_cut_3": 0.11986207526333333,
      "ndcg_cut_5": 0.1460455663322222,
      "ndcg_cut_10": 0.17368327526222221
    },
    "questions": {
      "recall_1": 0.02685185185111111,
      "recall_3": 0.07611111110944445,
      "recall_5": 0.10283068782888889,
      "recall_10": 0.1372883597877778,
      "ndcg_cut_1": 0.08333333333333333,
      "ndcg_cut_3": 0.07646315039777778,
      "ndcg_cut_5": 0.08715587009611112,
      "ndcg_cut_10": 0.10183528492111112
    }
  },
  "oracle": {
    "performance": {
      "recall_1": 0.07268518518333333,
      "recall_3": 0.14607142856888888,
      "recall_5": 0.20412698412388888,
      "recall_10": 0.2846957671961111,
      "ndcg_cut_1": 0.17777777777777778,
      "ndcg_cut_3": 0.15642943970222223,
      "ndcg_cut_5": 0.18176041576,
      "ndcg_cut_10": 0.2156590593322222
    },
    "strategy_distribution": {
      "lastturn": 128,
      "rewrite": 34,
      "questions": 18
    },
    "total_tasks": 180
  }
}