{
  "individual_strategies": {
    "lastturn": {
      "recall_1": 0.15525412087596155,
      "recall_3": 0.3040979853471154,
      "recall_5": 0.3879120879120192,
      "recall_10": 0.5224473443225961,
      "ndcg_cut_1": 0.3942307692307692,
      "ndcg_cut_3": 0.3410877082903846,
      "ndcg_cut_5": 0.367463552225,
      "ndcg_cut_10": 0.4242946870706731
    },
    "rewrite": {
      "recall_1": 0.17424450548990383,
      "recall_3": 0.3753319597057692,
      "recall_5": 0.46187042124567307,
      "recall_10": 0.6062614468884615,
      "ndcg_cut_1": 0.47115384615384615,
      "ndcg_cut_3": 0.41244613942596153,
      "ndcg_cut_5": 0.4376024824793269,
      "ndcg_cut_10": 0.4981998617975962
    },
    "questions": {
      "recall_1": 0.0747252747235577,
      "recall_3": 0.17693452380817307,
      "recall_5": 0.27757554945,
      "recall_10": 0.38364239926875,
      "ndcg_cut_1": 0.20673076923076922,
      "ndcg_cut_3": 0.19364803517499998,
      "ndcg_cut_5": 0.23703235473990383,
      "ndcg_cut_10": 0.28155567024278844
    }
  },
  "oracle": {
    "performance": {
      "recall_1": 0.19712683149759616,
      "recall_3": 0.39665750915625,
      "recall_5": 0.5086767399269231,
      "recall_10": 0.67699175824375,
      "ndcg_cut_1": 0.5144230769230769,
      "ndcg_cut_3": 0.4426509123408654,
      "ndcg_cut_5": 0.47710446535336537,
      "ndcg_cut_10": 0.5478843152057692
    },
    "strategy_distribution": {
      "lastturn": 118,
      "rewrite": 69,
      "questions": 21
    },
    "total_tasks": 208
  }
}