{
  "individual_strategies": {
    "lastturn": {
      "recall_1": 0.16357103371691542,
      "recall_3": 0.3452183526800995,
      "recall_5": 0.44493405985970147,
      "recall_10": 0.558801231936816,
      "ndcg_cut_1": 0.35323383084577115,
      "ndcg_cut_3": 0.3608432540666667,
      "ndcg_cut_5": 0.4000751281721393,
      "ndcg_cut_10": 0.4486135381487562
    },
    "rewrite": {
      "recall_1": 0.1935876174641791,
      "recall_3": 0.39230829977014925,
      "recall_5": 0.5082425175706468,
      "recall_10": 0.6509713338089552,
      "ndcg_cut_1": 0.4129353233830846,
      "ndcg_cut_3": 0.40670258353333333,
      "ndcg_cut_5": 0.4540193690955224,
      "ndcg_cut_10": 0.5169462013557213
    },
    "questions": {
      "recall_1": 0.11119402984875622,
      "recall_3": 0.2651741293527363,
      "recall_5": 0.35398009950248754,
      "recall_10": 0.44979270315124376,
      "ndcg_cut_1": 0.23383084577114427,
      "ndcg_cut_3": 0.2621045359487562,
      "ndcg_cut_5": 0.29995622914179104,
      "ndcg_cut_10": 0.33965953235820895
    }
  },
  "oracle": {
    "performance": {
      "recall_1": 0.2522111663850746,
      "recall_3": 0.49617784095422884,
      "recall_5": 0.6205974097771144,
      "recall_10": 0.7654821132457711,
      "ndcg_cut_1": 0.5472636815920398,
      "ndcg_cut_3": 0.5224162506432836,
      "ndcg_cut_5": 0.5693118752706468,
      "ndcg_cut_10": 0.6326954934363184
    },
    "strategy_distribution": {
      "rewrite": 49,
      "lastturn": 119,
      "questions": 33
    },
    "total_tasks": 201
  }
}