{
  "individual_strategies": {
    "lastturn": {
      "recall_1": 0.12242907801170212,
      "recall_3": 0.2543439716287234,
      "recall_5": 0.31224670719148934,
      "recall_10": 0.38144630192340423,
      "ndcg_cut_1": 0.25,
      "ndcg_cut_3": 0.2527081769329787,
      "ndcg_cut_5": 0.2758816102707447,
      "ndcg_cut_10": 0.3073609233569149
    },
    "rewrite": {
      "recall_1": 0.1476950354574468,
      "recall_3": 0.2710106382957447,
      "recall_5": 0.3382978723393617,
      "recall_10": 0.42258105369734045,
      "ndcg_cut_1": 0.2925531914893617,
      "ndcg_cut_3": 0.2761195470856383,
      "ndcg_cut_5": 0.303482951268617,
      "ndcg_cut_10": 0.3420089205760638
    },
    "questions": {
      "recall_1": 0.049822695034042554,
      "recall_3": 0.14840425531702128,
      "recall_5": 0.19539007092127658,
      "recall_10": 0.2449088145893617,
      "ndcg_cut_1": 0.1276595744680851,
      "ndcg_cut_3": 0.14083142438989363,
      "ndcg_cut_5": 0.1624633502574468,
      "ndcg_cut_10": 0.18432053234521276
    }
  },
  "oracle": {
    "performance": {
      "recall_1": 0.1676418439675532,
      "recall_3": 0.3296985815574468,
      "recall_5": 0.40400202634148935,
      "recall_10": 0.49040020263351064,
      "ndcg_cut_1": 0.3404255319148936,
      "ndcg_cut_3": 0.33393667835212765,
      "ndcg_cut_5": 0.3656122970425532,
      "ndcg_cut_10": 0.4051400710111702
    },
    "strategy_distribution": {
      "lastturn": 134,
      "rewrite": 35,
      "questions": 19
    },
    "total_tasks": 188
  }
}