{
  "individual_strategies": {
    "lastturn": {
      "recall_1": 0.14644179893777778,
      "recall_3": 0.2930291005272222,
      "recall_5": 0.37048941799,
      "recall_10": 0.47187830688,
      "ndcg_cut_1": 0.34444444444444444,
      "ndcg_cut_3": 0.3197796110038889,
      "ndcg_cut_5": 0.347687701385,
      "ndcg_cut_10": 0.39090293542944443
    },
    "rewrite": {
      "recall_1": 0.16305555555166668,
      "recall_3": 0.3099206349183333,
      "recall_5": 0.40164021163999997,
      "recall_10": 0.5357539682555555,
      "ndcg_cut_1": 0.3888888888888889,
      "ndcg_cut_3": 0.34412361237944444,
      "ndcg_cut_5": 0.3779140576511111,
      "ndcg_cut_10": 0.4355262122833333
    },
    "questions": {
      "recall_1": 0.08166666666388889,
      "recall_3": 0.1602380952361111,
      "recall_5": 0.19125661375666667,
      "recall_10": 0.2494576719572222,
      "ndcg_cut_1": 0.18333333333333332,
      "ndcg_cut_3": 0.16834266411555554,
      "ndcg_cut_5": 0.1818086157422222,
      "ndcg_cut_10": 0.20710449072111112
    }
  },
  "oracle": {
    "performance": {
      "recall_1": 0.1957010581961111,
      "recall_3": 0.36974867724555555,
      "recall_5": 0.45785714285722223,
      "recall_10": 0.6046031746061111,
      "ndcg_cut_1": 0.4777777777777778,
      "ndcg_cut_3": 0.41311453664277775,
      "ndcg_cut_5": 0.4430773278572222,
      "ndcg_cut_10": 0.5061918486044444
    },
    "strategy_distribution": {
      "lastturn": 117,
      "rewrite": 50,
      "questions": 13
    },
    "total_tasks": 180
  }
}