{
  "individual_strategies": {
    "lastturn": {
      "recall_1": 0.10320105819944445,
      "recall_3": 0.20677248677055554,
      "recall_5": 0.2632142857122222,
      "recall_10": 0.3671560846561111,
      "ndcg_cut_1": 0.2388888888888889,
      "ndcg_cut_3": 0.2265856506761111,
      "ndcg_cut_5": 0.24766736560555555,
      "ndcg_cut_10": 0.2912645364111111
    },
    "rewrite": {
      "recall_1": 0.12958994708777777,
      "recall_3": 0.24924603174499999,
      "recall_5": 0.3077248677238889,
      "recall_10": 0.41834656084666666,
      "ndcg_cut_1": 0.3111111111111111,
      "ndcg_cut_3": 0.274206475965,
      "ndcg_cut_5": 0.2938025583366667,
      "ndcg_cut_10": 0.3410186439294444
    },
    "questions": {
      "recall_1": 0.05231481481333333,
      "recall_3": 0.09490740740666667,
      "recall_5": 0.13537037036833333,
      "recall_10": 0.18398148147944443,
      "ndcg_cut_1": 0.1111111111111111,
      "ndcg_cut_3": 0.09878632591166667,
      "ndcg_cut_5": 0.11994697719388889,
      "ndcg_cut_10": 0.1389332137938889
    }
  },
  "oracle": {
    "performance": {
      "recall_1": 0.14181216930944443,
      "recall_3": 0.27906084656,
      "recall_5": 0.350555555555,
      "recall_10": 0.47843915344055554,
      "ndcg_cut_1": 0.34444444444444444,
      "ndcg_cut_3": 0.30721393876277775,
      "ndcg_cut_5": 0.33379061967333334,
      "ndcg_cut_10": 0.3867814988755556
    },
    "strategy_distribution": {
      "lastturn": 116,
      "rewrite": 52,
      "questions": 12
    },
    "total_tasks": 180
  }
}