{
  "individual_strategies": {
    "lastturn": {
      "recall_1": 0.17881205673404255,
      "recall_3": 0.353368794325,
      "recall_5": 0.420124113475,
      "recall_10": 0.5036474164138298,
      "ndcg_cut_1": 0.3723404255319149,
      "ndcg_cut_3": 0.36733929684148936,
      "ndcg_cut_5": 0.38944317374893617,
      "ndcg_cut_10": 0.42729343518191487
    },
    "rewrite": {
      "recall_1": 0.17925531914521275,
      "recall_3": 0.3529255319138298,
      "recall_5": 0.4296605876398936,
      "recall_10": 0.528026849037766,
      "ndcg_cut_1": 0.3776595744680851,
      "ndcg_cut_3": 0.3654133410398936,
      "ndcg_cut_5": 0.3939635606287234,
      "ndcg_cut_10": 0.4377013035117021
    },
    "questions": {
      "recall_1": 0.07039007092021277,
      "recall_3": 0.15186170212712766,
      "recall_5": 0.2179964539,
      "recall_10": 0.3036854103356383,
      "ndcg_cut_1": 0.16489361702127658,
      "ndcg_cut_3": 0.15649209082606383,
      "ndcg_cut_5": 0.18612637869893617,
      "ndcg_cut_10": 0.2220355996505319
    }
  },
  "oracle": {
    "performance": {
      "recall_1": 0.22313829786755318,
      "recall_3": 0.4136524822691489,
      "recall_5": 0.5008485309026596,
      "recall_10": 0.6183637284712766,
      "ndcg_cut_1": 0.46808510638297873,
      "ndcg_cut_3": 0.43606522541276593,
      "ndcg_cut_5": 0.4683088285787234,
      "ndcg_cut_10": 0.5195889997281915
    },
    "strategy_distribution": {
      "questions": 24,
      "lastturn": 131,
      "rewrite": 33
    },
    "total_tasks": 188
  }
}