{
  "individual_strategies": {
    "lastturn": {
      "recall_1": 0.0774038461514423,
      "recall_3": 0.16844093406346153,
      "recall_5": 0.22305402930336538,
      "recall_10": 0.33665293040240385,
      "ndcg_cut_1": 0.20673076923076922,
      "ndcg_cut_3": 0.19030900147596153,
      "ndcg_cut_5": 0.20778804183125,
      "ndcg_cut_10": 0.255216907775
    },
    "rewrite": {
      "recall_1": 0.08934294871490385,
      "recall_3": 0.19360119047307692,
      "recall_5": 0.27024954212307695,
      "recall_10": 0.3889995421235577,
      "ndcg_cut_1": 0.24519230769230768,
      "ndcg_cut_3": 0.21822214788365385,
      "ndcg_cut_5": 0.2453298474701923,
      "ndcg_cut_10": 0.2936564327230769
    },
    "questions": {
      "recall_1": 0.06794871794711538,
      "recall_3": 0.14868360805865385,
      "recall_5": 0.20914606227067306,
      "recall_10": 0.29096840659278844,
      "ndcg_cut_1": 0.1971153846153846,
      "ndcg_cut_3": 0.17082295546346155,
      "ndcg_cut_5": 0.19331330646057693,
      "ndcg_cut_10": 0.22830775210528845
    }
  },
  "oracle": {
    "performance": {
      "recall_1": 0.11850961538125,
      "recall_3": 0.2351877289355769,
      "recall_5": 0.32521749084230767,
      "recall_10": 0.4586538461533654,
      "ndcg_cut_1": 0.3269230769230769,
      "ndcg_cut_3": 0.27248867006538463,
      "ndcg_cut_5": 0.30410076073846154,
      "ndcg_cut_10": 0.35961803494663463
    },
    "strategy_distribution": {
      "questions": 35,
      "lastturn": 134,
      "rewrite": 39
    },
    "total_tasks": 208
  }
}