{
  "individual_strategies": {
    "lastturn": {
      "recall_1": 0.08157443157271557,
      "recall_3": 0.1667708524837838,
      "recall_5": 0.21521010806692406,
      "recall_10": 0.2992461849603604,
      "ndcg_cut_1": 0.1866151866151866,
      "ndcg_cut_3": 0.17822701302972974,
      "ndcg_cut_5": 0.19610069096460747,
      "ndcg_cut_10": 0.23085520338996138
    },
    "rewrite": {
      "recall_1": 0.09047619047400257,
      "recall_3": 0.18919531776512227,
      "recall_5": 0.24979469265083654,
      "recall_10": 0.3489612061041184,
      "ndcg_cut_1": 0.21106821106821108,
      "ndcg_cut_3": 0.19992601512651223,
      "ndcg_cut_5": 0.22287110201930502,
      "ndcg_cut_10": 0.26360201675250966
    },
    "questions": {
      "recall_1": 0.06307736307580437,
      "recall_3": 0.13933525362059201,
      "recall_5": 0.1845028702168597,
      "recall_10": 0.2504601540316602,
      "ndcg_cut_1": 0.15572715572715573,
      "ndcg_cut_3": 0.14650700954118404,
      "ndcg_cut_5": 0.1643736028059202,
      "ndcg_cut_10": 0.1923919270185328
    }
  },
  "oracle": {
    "performance": {
      "recall_1": 0.12646932646628056,
      "recall_3": 0.2423821780949807,
      "recall_5": 0.31327960613603606,
      "recall_10": 0.418800943801287,
      "ndcg_cut_1": 0.2947232947232947,
      "ndcg_cut_3": 0.2624066681536679,
      "ndcg_cut_5": 0.2894154396078507,
      "ndcg_cut_10": 0.33345474134568853
    },
    "strategy_distribution": {
      "lastturn": 542,
      "rewrite": 130,
      "questions": 105
    },
    "total_tasks": 777
  }
}