nDCG,Recall,collection,count
"[0.12222, 0.10919, 0.12476, 0.14695]","[0.05417, 0.1088, 0.14111, 0.18964]",mt-rag-fiqa-beir-elser-512-100-20240501,180
"[0.12222000000000001, 0.10919, 0.12475999999999998, 0.14695]","[0.05417, 0.1088, 0.14111, 0.18963999999999998]",all,180
