nDCG,Recall,collection,count
"[0.33511, 0.31495, 0.34514, 0.37842]","[0.16064, 0.30363, 0.37532, 0.45241]",mt-rag-ibmcloud-elser-512-100-20240502,188
"[0.33511, 0.31495, 0.34514, 0.37842000000000003]","[0.16064, 0.30363, 0.37532, 0.45241]",all,188
