nDCG,Recall,collection,count
"[0.41294, 0.40729, 0.44649, 0.50528]","[0.19234, 0.39604, 0.49415, 0.62775]",mt-rag-govt-elser-512-100-20240611,201
"[0.41294, 0.40729, 0.44649, 0.50528]","[0.19234000000000004, 0.39604, 0.4941499999999999, 0.62775]",all,201
