domain,query_type,nDCG@10,Recall@10
clapnq,rewrite,0.51205,0.5851
cloud,rewrite,0.37842000000000003,0.45241
fiqa,rewrite,0.33715,0.37642000000000003
govt,rewrite,0.46014,0.56617
