nDCG,Recall,collection,count
"[0.14925, 0.17678, 0.20041, 0.24174]","[0.07222, 0.18495, 0.2381, 0.33716]",mt-rag-govt-elser-512-100-20240611,201
"[0.14925, 0.17677999999999996, 0.20041, 0.24173999999999998]","[0.07222, 0.18495, 0.2381, 0.33716]",all,201
