nDCG,Recall,collection,count
"[0.16489, 0.15619, 0.1738, 0.20454]","[0.06197, 0.15053, 0.19309, 0.26806]",mt-rag-ibmcloud-elser-512-100-20240502,188
"[0.16489, 0.15619, 0.17379999999999998, 0.20454]","[0.06197, 0.15053, 0.19309000000000004, 0.26806]",all,188
