nDCG,Recall,collection,count
"[0.30319, 0.27898, 0.30039, 0.34536]","[0.14752, 0.268, 0.32137, 0.42701]",mt-rag-ibmcloud-elser-512-100-20240502,188
"[0.30319, 0.27898, 0.30039, 0.34536]","[0.14752, 0.268, 0.32137, 0.42701]",all,188
