nDCG,Recall,collection,count
"[0.30851, 0.28749, 0.31241, 0.35455]","[0.15168, 0.27819, 0.33777, 0.43091]",mt-rag-ibmcloud-elser-512-100-20240502,188
"[0.30851, 0.28749, 0.31241, 0.35455]","[0.15168, 0.27819, 0.33777, 0.43091]",all,188
