nDCG,Recall,collection,count
"[0.34826, 0.33323, 0.36761, 0.41314]","[0.15445, 0.31504, 0.39841, 0.51321]",mt-rag-govt-elser-512-100-20240611,201
"[0.34826, 0.33323, 0.36761000000000005, 0.41314]","[0.15445, 0.31504, 0.39841, 0.51321]",all,201
