nDCG,Recall,collection,count
"[0.35106, 0.32366, 0.36628, 0.40162]","[0.14521, 0.31241, 0.41109, 0.49487]",mt-rag-ibmcloud-elser-512-100-20240502,205
"[0.35106, 0.32366, 0.36628, 0.40162]","[0.14521, 0.31240999999999997, 0.41109, 0.49487]",all,205
