nDCG,Recall,collection,count
"[0.28191, 0.26833, 0.28282, 0.31519]","[0.13528, 0.25727, 0.30063, 0.37435]",mt-rag-ibmcloud-elser-512-100-20240502,188
"[0.28191, 0.26833, 0.28282, 0.31519]","[0.13528, 0.25727, 0.30063, 0.37435]",all,188
