nDCG,Recall,collection,count
"[0.21154, 0.20956, 0.24949, 0.29005]","[0.08274, 0.20057, 0.29424, 0.39025]",mt-rag-clapnq-elser-512-100-20240503,208
"[0.21154, 0.20956, 0.24948999999999996, 0.29005]","[0.08274000000000001, 0.20056999999999997, 0.29424, 0.39025]",all,208
