nDCG,Recall,collection,count
"[0.31343, 0.28613, 0.31574, 0.34973]","[0.13845, 0.26805, 0.33947, 0.42474]",mt-rag-govt-elser-512-100-20240611,201
"[0.31343, 0.28613, 0.31574, 0.34973]","[0.13845, 0.26805, 0.33947, 0.42474000000000006]",all,201
