nDCG,Recall,collection,count
"[0.54808, 0.50084, 0.54473, 0.60282]","[0.22312, 0.45887, 0.58728, 0.72131]",mt-rag-clapnq-elser-512-100-20240503,224
"[0.54808, 0.50084, 0.54473, 0.60282]","[0.22312, 0.45887, 0.58728, 0.72131]",all,224
