nDCG,Recall,collection,count
"[0.27778, 0.21181, 0.22478, 0.24541]","[0.10681, 0.18511, 0.22646, 0.27784]",mt-rag-fiqa-beir-elser-512-100-20240501,180
"[0.27778, 0.21181, 0.22478, 0.24541]","[0.10681, 0.18511, 0.22646, 0.27784]",all,180
