nDCG,Recall,collection,count
"[0.5, 0.45028, 0.47211, 0.51205]","[0.19428, 0.40931, 0.49293, 0.5851]",mt-rag-clapnq-elser-512-100-20240503,208
"[0.5, 0.45028, 0.4721099999999999, 0.51205]","[0.19428, 0.40931, 0.49293, 0.5851]",all,208
