nDCG,Recall,collection,count
"[0.38806, 0.37182, 0.40851, 0.46014]","[0.18267, 0.35624, 0.44716, 0.56617]",mt-rag-govt-elser-512-100-20240611,201
"[0.38806, 0.37181999999999993, 0.40850999999999993, 0.46014]","[0.18267, 0.35624, 0.44716, 0.56617]",all,201
