nDCG,Recall,collection,count
"[0.38298, 0.34952, 0.37591, 0.42385]","[0.1773, 0.33333, 0.40138, 0.5087]",mt-rag-ibmcloud-elser-512-100-20240502,188
"[0.38297999999999993, 0.34952, 0.37591, 0.42385]","[0.17729999999999999, 0.33333, 0.40138, 0.5087]",all,188
