nDCG,Recall,collection,count
"[0.45192, 0.4014, 0.42307, 0.46102]","[0.17489, 0.36243, 0.44584, 0.53856]",mt-rag-clapnq-elser-512-100-20240503,208
"[0.45192, 0.4014, 0.42307, 0.46101999999999993]","[0.17489, 0.3624299999999999, 0.44584000000000007, 0.53856]",all,208
