nDCG,Recall,collection,count
"[0.51923, 0.46669, 0.50699, 0.56267]","[0.2099, 0.42157, 0.54224, 0.66898]",mt-rag-clapnq-elser-512-100-20240503,208
"[0.51923, 0.46668999999999994, 0.50699, 0.56267]","[0.2099, 0.42157, 0.54224, 0.66898]",all,208
