domain,nDCG@10,Recall@10
clapnq,0.60282,0.72131
cloud,0.40162,0.49487
fiqa,0.42872999999999994,0.51218
govt,0.53618,0.65092
