nDCG,Recall,collection,count
"[0.36816, 0.33927, 0.37823, 0.42892]","[0.16647, 0.32001, 0.41182, 0.53223]",mt-rag-govt-elser-512-100-20240611,201
"[0.36816, 0.33927, 0.37823, 0.4289200000000001]","[0.16647, 0.32001, 0.4118200000000001, 0.53223]",all,201
