nDCG,Recall,collection,count
"[0.37981, 0.34413, 0.35062, 0.39065]","[0.15405, 0.30802, 0.35963, 0.4582]",mt-rag-clapnq-elser-512-100-20240503,208
"[0.37981, 0.34412999999999994, 0.35062000000000004, 0.39065]","[0.15405, 0.30802, 0.35963, 0.4582]",all,208
