nDCG,Recall,collection,count
"[0.46269, 0.44298, 0.48337, 0.53618]","[0.21009, 0.4242, 0.5251, 0.65092]",mt-rag-govt-elser-512-100-20240611,214
"[0.46269, 0.44298, 0.48337, 0.53618]","[0.21009, 0.4242, 0.5251, 0.65092]",all,214
