nDCG,Recall,collection,count
"[0.48558, 0.4176, 0.45039, 0.50494]","[0.18426, 0.37854, 0.47878, 0.61003]",mt-rag-clapnq-elser-512-100-20240503,208
"[0.48558, 0.4176000000000001, 0.45039, 0.50494]","[0.18426000000000003, 0.37854, 0.47878000000000004, 0.61003]",all,208
