nDCG,Recall,collection,count
"[0.36111, 0.29381, 0.31491, 0.33715]","[0.15269, 0.25683, 0.32206, 0.37642]",mt-rag-fiqa-beir-elser-512-100-20240501,180
"[0.36111, 0.29381, 0.31491, 0.33715]","[0.15269, 0.25683, 0.32206, 0.37642000000000003]",all,180
