nDCG,Recall,collection,count
"[0.39444, 0.35671, 0.37893, 0.42873]","[0.16079, 0.32369, 0.39767, 0.51218]",mt-rag-fiqa-beir-elser-512-100-20240501,199
"[0.39444, 0.35671, 0.37893000000000004, 0.42872999999999994]","[0.16079, 0.32369, 0.39767, 0.51218]",all,199
