nDCG,Recall,collection,count
"[0.31667, 0.26756, 0.27741, 0.29833]","[0.1314, 0.23526, 0.27915, 0.33462]",mt-rag-fiqa-beir-elser-512-100-20240501,180
"[0.31667, 0.26756, 0.27741, 0.29833]","[0.1314, 0.23526, 0.27915, 0.33462]",all,180
