nDCG,Recall,collection,count
"[0.38333, 0.32929, 0.35341, 0.40324]","[0.15981, 0.28909, 0.3654, 0.47931]",mt-rag-fiqa-beir-elser-512-100-20240501,180
"[0.38332999999999995, 0.32929, 0.35341, 0.40323999999999993]","[0.15981, 0.28909, 0.36540000000000006, 0.47931]",all,180
