nDCG,Recall,collection,count
"[0.3, 0.26154, 0.28504, 0.32455]","[0.12403, 0.23212, 0.29772, 0.39022]",mt-rag-fiqa-beir-elser-512-100-20240501,180
"[0.3, 0.26154, 0.28504, 0.32455]","[0.12403000000000002, 0.23212, 0.29772, 0.39021999999999996]",all,180
