domain,query_type,nDCG@10,Recall@10
clapnq,lastturn,0.39065,0.4582
clapnq,rewrite,0.46101999999999993,0.53856
clapnq,questions,0.29005,0.39025
cloud,lastturn,0.31519,0.37435
cloud,rewrite,0.34536,0.42701
cloud,questions,0.20454,0.26806
fiqa,lastturn,0.24541,0.27784
fiqa,rewrite,0.29833,0.33462
fiqa,questions,0.14695,0.18963999999999998
govt,lastturn,0.34973,0.42474000000000006
govt,rewrite,0.41314,0.51321
govt,questions,0.24173999999999998,0.33716
