domain,query_type,nDCG@10,Recall@10
clapnq,rewrite,0.50494,0.61003
cloud,rewrite,0.35455,0.43091
fiqa,rewrite,0.32455,0.39021999999999996
govt,rewrite,0.4289200000000001,0.53223
