domain,lastturn,questions,rewrite
clapnq,0.39065,0.29005,0.46101999999999993
cloud,0.31519,0.20454,0.34536
fiqa,0.24541,0.14695,0.29833
govt,0.34973,0.24173999999999998,0.41314
