nDCG,Recall,collection,count
"[0.34574, 0.32116, 0.3526, 0.39232]","[0.15461, 0.31163, 0.38441, 0.47865]",mt-rag-ibmcloud-elser-512-100-20240502,205
"[0.34574, 0.32116, 0.3526, 0.39232]","[0.15461, 0.31163, 0.38441, 0.47865]",all,205
