nDCG,Recall,collection,count
"[0.39444, 0.34321, 0.37564, 0.43554]","[0.16898, 0.31673, 0.40049, 0.53656]",mt-rag-fiqa-beir-elser-512-100-20240501,199
"[0.39444, 0.34320999999999996, 0.37564, 0.43554]","[0.16898000000000002, 0.31673, 0.40049000000000007, 0.53656]",all,199
