nDCG,Recall,collection,count
"[0.44776, 0.43933, 0.48438, 0.52792]","[0.19914, 0.42568, 0.54116, 0.64262]",mt-rag-govt-elser-512-100-20240611,214
"[0.44776, 0.43933, 0.48438, 0.52792]","[0.19914, 0.42568000000000006, 0.54116, 0.64262]",all,214
