nDCG,Recall,collection,count
"[0.55769, 0.50114, 0.54707, 0.6086]","[0.22152, 0.45382, 0.58824, 0.73245]",mt-rag-clapnq-elser-512-100-20240503,224
"[0.55769, 0.50114, 0.54707, 0.6086]","[0.22152, 0.45382, 0.58824, 0.73245]",all,224
