nDCG,Recall,collection,count
"[0.25, 0.24276, 0.2639, 0.32228]","[0.09796, 0.224, 0.29032, 0.43039]",mt-rag-clapnq-elser-512-100-20240503,224
"[0.25, 0.24276, 0.2639, 0.32228]","[0.09796, 0.224, 0.29032, 0.43039]",all,224
