nDCG,Recall,collection,count
"[0.30319, 0.27362, 0.29635, 0.34314]","[0.13449, 0.26667, 0.32225, 0.43393]",mt-rag-ibmcloud-elser-512-100-20240502,205
"[0.30319, 0.27362, 0.29635, 0.34314]","[0.13449, 0.26667, 0.32225, 0.43393]",all,205
