nDCG,Recall,collection,count
"[0.47596, 0.40835, 0.45112, 0.51258]","[0.18423, 0.3672, 0.48315, 0.62988]",mt-rag-clapnq-elser-512-100-20240503,224
"[0.47596, 0.40835, 0.45112, 0.51258]","[0.18423000000000003, 0.3672, 0.48315, 0.62988]",all,224
