nDCG,Recall,collection,count
"[0.42786, 0.42336, 0.46548, 0.5192]","[0.20171, 0.40803, 0.51573, 0.64423]",mt-rag-govt-elser-512-100-20240611,214
"[0.4278600000000001, 0.42336, 0.46548, 0.5192]","[0.20171, 0.40803, 0.51573, 0.64423]",all,214
