nDCG,Recall,collection,count
"[0.27222, 0.25016, 0.27621, 0.31892]","[0.11194, 0.23074, 0.29876, 0.39913]",mt-rag-fiqa-beir-elser-512-100-20240501,199
"[0.27222, 0.25016, 0.27621, 0.31892]","[0.11194000000000001, 0.23074, 0.29876, 0.39913]",all,199
