nDCG,Recall,collection,count
"[0.12778, 0.12374, 0.13708, 0.1647]","[0.04635, 0.11922, 0.15464, 0.22112]",mt-rag-fiqa-beir-elser-512-100-20240501,199
"[0.12778, 0.12374, 0.13708, 0.1647]","[0.04635, 0.11922, 0.15464, 0.22112]",all,199
