nDCG,Recall,collection,count
"[0.20213, 0.19323, 0.2209, 0.25142]","[0.10372, 0.19238, 0.25315, 0.32803]",mt-rag-ibmcloud-elser-512-100-20240502,205
"[0.20213, 0.19322999999999999, 0.2209, 0.25142]","[0.10372, 0.19238, 0.25315, 0.32803]",all,205
