nDCG,Recall,collection,count
"[0.54808, 0.49607, 0.54012, 0.60055]","[0.22537, 0.45246, 0.57911, 0.71735]",mt-rag-clapnq-elser-512-100-20240503,224
"[0.54808, 0.49607, 0.54012, 0.60055]","[0.22537, 0.45246, 0.57911, 0.71735]",all,224
