nDCG,Recall,collection,count
"[0.35821, 0.33829, 0.375, 0.41542]","[0.16108, 0.32167, 0.41223, 0.50927]",mt-rag-govt-elser-512-100-20240611,214
"[0.35821, 0.33829, 0.375, 0.41541999999999996]","[0.16108, 0.32166999999999996, 0.41223, 0.50927]",all,214
