nDCG,Recall,collection,count
"[0.34574, 0.31828, 0.35364, 0.38875]","[0.1617, 0.30603, 0.38507, 0.46907]",mt-rag-ibmcloud-elser-512-100-20240502,205
"[0.34574, 0.31828, 0.35364, 0.38875]","[0.16170000000000004, 0.30603, 0.38507, 0.46907000000000004]",all,205
