nDCG,Recall,collection,count
"[0.36111, 0.31781, 0.35371, 0.41175]","[0.14889, 0.28816, 0.38131, 0.51513]",mt-rag-fiqa-beir-elser-512-100-20240501,199
"[0.36111, 0.31781, 0.35370999999999997, 0.41175]","[0.14889, 0.28816, 0.38131, 0.51513]",all,199
