nDCG,Recall,collection,count
"[0.26111, 0.22999, 0.26101, 0.29441]","[0.11626, 0.20631, 0.28146, 0.35841]",mt-rag-fiqa-beir-elser-512-100-20240501,199
"[0.26111, 0.22998999999999997, 0.26101, 0.29441]","[0.11626000000000002, 0.20631, 0.28146, 0.35841]",all,199
