nDCG,Recall,collection,count
"[0.24468, 0.24514, 0.27731, 0.31937]","[0.12021, 0.24211, 0.31952, 0.4162]",mt-rag-ibmcloud-elser-512-100-20240502,205
"[0.24468000000000004, 0.24514, 0.27731, 0.31937]","[0.12021, 0.24210999999999996, 0.31952, 0.4162]",all,205
