nDCG,Recall,collection,count
"[0.46154, 0.39557, 0.42122, 0.47993]","[0.17501, 0.35615, 0.44108, 0.57755]",mt-rag-clapnq-elser-512-100-20240503,224
"[0.46154, 0.3955699999999999, 0.42122, 0.47993]","[0.17501000000000003, 0.35615, 0.44108, 0.5775499999999999]",all,224
