nDCG,Recall,collection,count
"[0.32338, 0.30673, 0.33534, 0.38005]","[0.14342, 0.29281, 0.36654, 0.47282]",mt-rag-govt-elser-512-100-20240611,214
"[0.32338, 0.30673, 0.33534, 0.38004999999999994]","[0.14342, 0.29281, 0.36654, 0.47282]",all,214
