nDCG,Recall,collection,count
"[0.09444, 0.09609, 0.11254, 0.13555]","[0.03981, 0.09616, 0.13265, 0.18649]",mt-rag-fiqa-beir-elser-512-100-20240501,199
"[0.09444, 0.09609, 0.11254, 0.13555]","[0.03981, 0.09616, 0.13265, 0.18649]",all,199
