nDCG,Recall,collection,count
"[0.17021, 0.16948, 0.19085, 0.2182]","[0.09477, 0.16695, 0.21881, 0.28535]",mt-rag-ibmcloud-elser-512-100-20240502,205
"[0.17021, 0.16948000000000002, 0.19085, 0.2182]","[0.09477, 0.16695, 0.21881, 0.28535]",all,205
