nDCG,Recall,collection,count
"[0.24519, 0.21774, 0.24341, 0.28606]","[0.09095, 0.19404, 0.2644, 0.36669]",mt-rag-clapnq-elser-512-100-20240503,224
"[0.24519, 0.21774, 0.24341, 0.28606]","[0.09095, 0.19404, 0.2644, 0.36669]",all,224
