nDCG,Recall,collection,count
"[0.27861, 0.26405, 0.29443, 0.3217]","[0.11758, 0.25448, 0.33014, 0.3944]",mt-rag-govt-elser-512-100-20240611,214
"[0.27861, 0.26405, 0.29443, 0.3217]","[0.11758, 0.25448, 0.33014, 0.3943999999999999]",all,214
