nDCG,Recall,collection,count
"[0.37811, 0.38627, 0.43154, 0.47922]","[0.16871, 0.37601, 0.48801, 0.60208]",mt-rag-govt-elser-512-100-20240611,214
"[0.37811000000000006, 0.38627000000000006, 0.43154, 0.47922]","[0.16871, 0.37600999999999996, 0.48801, 0.60208]",all,214
