nDCG,Recall,collection,count
"[0.49519, 0.44878, 0.502, 0.56347]","[0.19091, 0.40354, 0.5495, 0.69063]",mt-rag-clapnq-elser-512-100-20240503,224
"[0.49519, 0.44878, 0.502, 0.56347]","[0.19091, 0.40354, 0.5495, 0.69063]",all,224
