nDCG,Recall,collection,count
"[0.31667, 0.30556, 0.33376, 0.38383]","[0.13037, 0.2871, 0.36581, 0.48512]",mt-rag-fiqa-beir-elser-512-100-20240501,199
"[0.31667, 0.30556, 0.33376, 0.38383]","[0.13037, 0.2871, 0.36581, 0.48512000000000005]",all,199
