nDCG,Recall,collection,count
"[0.35106, 0.34323, 0.37028, 0.41631]","[0.16977, 0.3328, 0.40372, 0.51406]",mt-rag-ibmcloud-elser-512-100-20240502,205
"[0.35106, 0.34323, 0.37028, 0.41631]","[0.16977, 0.33280000000000004, 0.40372, 0.51406]",all,205
