nDCG,Recall,collection,count
"[0.30556, 0.2621, 0.28467, 0.33271]","[0.12589, 0.24057, 0.30156, 0.41361]",mt-rag-fiqa-beir-elser-512-100-20240501,180
"[0.30556, 0.2621, 0.28467, 0.33271]","[0.12589, 0.24056999999999998, 0.30156, 0.41361]",all,180
