nDCG,Recall,collection,count
"[0.33333, 0.31482, 0.35099, 0.40338]","[0.14632, 0.29972, 0.38651, 0.50974]",mt-rag-govt-elser-512-100-20240611,201
"[0.33333, 0.31482, 0.35099, 0.40338]","[0.14632, 0.29972, 0.38651, 0.50974]",all,201
