nDCG,Recall,collection,count
"[0.47596, 0.40628, 0.43204, 0.49237]","[0.18186, 0.36532, 0.44745, 0.59488]",mt-rag-clapnq-elser-512-100-20240503,208
"[0.47596, 0.40628, 0.43204, 0.49237]","[0.18185999999999997, 0.36532, 0.44745, 0.59488]",all,208
