nDCG,Recall,collection,count
"[0.26596, 0.25868, 0.29725, 0.33689]","[0.12863, 0.2555, 0.34101, 0.43056]",mt-rag-ibmcloud-elser-512-100-20240502,188
"[0.26596, 0.25868, 0.29725, 0.33689]","[0.12863, 0.2555, 0.3410099999999999, 0.43056]",all,188
