nDCG,Recall,collection,count
"[0.2234, 0.21111, 0.22793, 0.26314]","[0.11454, 0.20249, 0.24771, 0.33482]",mt-rag-ibmcloud-elser-512-100-20240502,188
"[0.22339999999999996, 0.21111, 0.22793, 0.26314]","[0.11454, 0.20249, 0.24771000000000004, 0.33482]",all,188
