nDCG,Recall,collection,count
"[0.11111, 0.1254, 0.14793, 0.17651]","[0.04352, 0.13246, 0.18163, 0.25116]",mt-rag-fiqa-beir-elser-512-100-20240501,180
"[0.11111, 0.1254, 0.14793, 0.17651]","[0.04352, 0.13246, 0.18163, 0.25116]",all,180
