nDCG,Recall,collection,count
"[0.28856, 0.27504, 0.29823, 0.35359]","[0.1238, 0.26111, 0.32587, 0.45741]",mt-rag-govt-elser-512-100-20240611,201
"[0.28856, 0.27504, 0.29823, 0.35359]","[0.12379999999999998, 0.26111, 0.32587, 0.45741]",all,201
