nDCG,Recall,collection,count
"[0.24038, 0.22269, 0.24245, 0.29627]","[0.09014, 0.19913, 0.26152, 0.39013]",mt-rag-clapnq-elser-512-100-20240503,208
"[0.24038, 0.22269, 0.24245, 0.29627]","[0.09013999999999998, 0.19913, 0.26152, 0.39013]",all,208
