nDCG,Recall,collection,count
"[0.50962, 0.47296, 0.51626, 0.57772]","[0.20549, 0.43439, 0.55847, 0.70199]",mt-rag-clapnq-elser-512-100-20240503,208
"[0.50962, 0.47296, 0.51626, 0.57772]","[0.20549, 0.43439, 0.55847, 0.7019900000000001]",all,208
