nDCG,Recall,collection,count
"[0.42289, 0.40117, 0.4516, 0.50844]","[0.19508, 0.3781, 0.50045, 0.63159]",mt-rag-govt-elser-512-100-20240611,201
"[0.42289, 0.40117, 0.45160000000000006, 0.50844]","[0.19508, 0.3781, 0.50045, 0.63159]",all,201
