nDCG,Recall,collection,count
"[0.37778, 0.35144, 0.38287, 0.43352]","[0.15848, 0.32062, 0.40942, 0.52619]",mt-rag-fiqa-beir-elser-512-100-20240501,180
"[0.37778, 0.35144, 0.38287, 0.43352]","[0.15848, 0.32062, 0.40942, 0.52619]",all,180
