nDCG,Recall,collection,count
"[0.39894, 0.37328, 0.40063, 0.44826]","[0.18812, 0.35824, 0.43262, 0.53999]",mt-rag-ibmcloud-elser-512-100-20240502,188
"[0.39894, 0.37328000000000006, 0.40063, 0.44826]","[0.18812, 0.35824, 0.43262, 0.53999]",all,188
