nDCG,Recall,collection,count
"[0.21891, 0.22224, 0.26012, 0.30555]","[0.09585, 0.21788, 0.3065, 0.41447]",mt-rag-govt-elser-512-100-20240611,201
"[0.21891, 0.22224, 0.26012, 0.30555]","[0.09585, 0.21788000000000002, 0.3065, 0.41447]",all,201
