nDCG,Recall,collection,count
"[0.22872, 0.22227, 0.25199, 0.28452]","[0.10567, 0.22163, 0.28489, 0.36175]",mt-rag-ibmcloud-elser-512-100-20240502,188
"[0.22872, 0.22227, 0.25199, 0.28452]","[0.10567, 0.22163000000000002, 0.28489, 0.36175]",all,188
