nDCG,Recall,collection,count
"[0.33173, 0.32054, 0.35333, 0.40575]","[0.12737, 0.29617, 0.38996, 0.51114]",mt-rag-clapnq-elser-512-100-20240503,208
"[0.33173, 0.32054, 0.35333, 0.40575]","[0.12737, 0.29617, 0.38996, 0.51114]",all,208
