nDCG,Recall,collection,count
"[0.20556, 0.18724, 0.20163, 0.2344]","[0.07926, 0.17644, 0.21631, 0.29409]",mt-rag-fiqa-beir-elser-512-100-20240501,180
"[0.20556, 0.18723999999999996, 0.20163, 0.2344]","[0.07926, 0.17644, 0.21631, 0.29409]",all,180
