nDCG,Recall,collection,count
"[0.22596, 0.21296, 0.24218, 0.2903]","[0.08806, 0.19315, 0.27233, 0.38921]",mt-rag-clapnq-elser-512-100-20240503,208
"[0.22596, 0.21296, 0.24218, 0.2903]","[0.08806, 0.19315, 0.27233, 0.38921]",all,208
