nDCG,Recall,collection,count
"[0.08889, 0.11296, 0.12738, 0.15216]","[0.03287, 0.11843, 0.15135, 0.20659]",mt-rag-fiqa-beir-elser-512-100-20240501,180
"[0.08889, 0.11296000000000002, 0.12738, 0.15216]","[0.03287, 0.11843, 0.15135, 0.20659]",all,180
