nDCG,Recall,collection,count
"[0.17553, 0.19021, 0.203, 0.23869]","[0.0875, 0.18999, 0.22226, 0.30902]",mt-rag-ibmcloud-elser-512-100-20240502,188
"[0.17553, 0.19021, 0.203, 0.23869000000000004]","[0.0875, 0.18999, 0.22226, 0.30902]",all,188
