nDCG,Recall,collection,count
"[0.26866, 0.28306, 0.30371, 0.33917]","[0.11979, 0.2751, 0.33538, 0.4181]",mt-rag-govt-elser-512-100-20240611,201
"[0.26866, 0.28306, 0.30371, 0.33916999999999997]","[0.11979000000000001, 0.2751, 0.33538000000000007, 0.4181]",all,201
