nDCG,Recall,collection,count
"[0.27128, 0.25528, 0.28565, 0.32775]","[0.12509, 0.24539, 0.31729, 0.40936]",mt-rag-ibmcloud-elser-512-100-20240502,188
"[0.27128, 0.25528, 0.28565, 0.32775]","[0.12509, 0.24539, 0.31729, 0.40936000000000006]",all,188
