nDCG,Recall,collection,count
"[0.34826, 0.35949, 0.39557, 0.44591]","[0.16551, 0.35746, 0.44444, 0.56249]",mt-rag-govt-elser-512-100-20240611,201
"[0.34826, 0.35949, 0.39557, 0.44591]","[0.16551000000000002, 0.35745999999999994, 0.44444, 0.56249]",all,201
