nDCG,Recall,collection,count
"[0.31667, 0.26847, 0.29184, 0.33324]","[0.13963, 0.24368, 0.31095, 0.40656]",mt-rag-fiqa-beir-elser-512-100-20240501,180
"[0.31667, 0.26847, 0.29184, 0.33324]","[0.13963, 0.24368, 0.31095, 0.4065599999999999]",all,180
