nDCG,Recall,collection,count
"[0.38942, 0.36303, 0.4, 0.46046]","[0.14852, 0.33326, 0.44044, 0.57869]",mt-rag-clapnq-elser-512-100-20240503,208
"[0.38942, 0.3630300000000001, 0.4, 0.46046]","[0.14852, 0.33326, 0.44044, 0.57869]",all,208
