nDCG,Recall,collection,count
"[0.52885, 0.47546, 0.51557, 0.58264]","[0.21856, 0.42165, 0.54429, 0.70055]",mt-rag-clapnq-elser-512-100-20240503,208
"[0.52885, 0.47546, 0.51557, 0.58264]","[0.21856000000000003, 0.42165, 0.54429, 0.70055]",all,208
