nDCG,Recall,collection,count
"[0.4, 0.36515, 0.40133, 0.44406]","[0.1614, 0.34086, 0.43578, 0.53575]",mt-rag-fiqa-beir-elser-512-100-20240501,180
"[0.4, 0.3651499999999999, 0.40133, 0.44406]","[0.1614, 0.34086, 0.43578, 0.53575]",all,180
