nDCG,Recall,collection,count
"[0.43085, 0.39701, 0.41982, 0.4478]","[0.20732, 0.37191, 0.43849, 0.50365]",mt-rag-ibmcloud-elser-512-100-20240502,188
"[0.43085000000000007, 0.39701, 0.41982, 0.4478]","[0.20732, 0.37191, 0.43849, 0.50365]",all,188
