nDCG,Recall,collection,count
"[0.43085, 0.39482, 0.42732, 0.46007]","[0.21131, 0.36632, 0.45196, 0.52803]",mt-rag-ibmcloud-elser-512-100-20240502,188
"[0.43085000000000007, 0.39482000000000006, 0.42732, 0.4600699999999999]","[0.21131000000000003, 0.3663199999999999, 0.45196, 0.52803]",all,188
