nDCG,Recall,collection,count
"[0.45771, 0.4492, 0.49014, 0.5422]","[0.21788, 0.43179, 0.52786, 0.65097]",mt-rag-govt-elser-512-100-20240611,201
"[0.45771000000000006, 0.4492, 0.49014, 0.5422]","[0.21788000000000002, 0.43179, 0.52786, 0.65097]",all,201
