nDCG,Recall,collection,count
"[0.53365, 0.46542, 0.4978, 0.54552]","[0.22152, 0.41243, 0.52017, 0.63028]",mt-rag-clapnq-elser-512-100-20240503,208
"[0.53365, 0.46542, 0.4978, 0.54552]","[0.22152, 0.41243, 0.52017, 0.6302799999999998]",all,208
