nDCG,Recall,collection,count
"[0.33889, 0.32037, 0.34893, 0.38828]","[0.13872, 0.3059, 0.38058, 0.47188]",mt-rag-fiqa-beir-elser-512-100-20240501,180
"[0.33889, 0.32037, 0.34893, 0.38828]","[0.13872, 0.3059, 0.3805799999999999, 0.47188]",all,180
