nDCG,Recall,collection,count
"[0.41791, 0.39251, 0.42973, 0.47205]","[0.19632, 0.37706, 0.46194, 0.5588]",mt-rag-govt-elser-512-100-20240611,201
"[0.41791, 0.3925100000000001, 0.42973, 0.47205]","[0.19631999999999997, 0.37706, 0.46194, 0.5588]",all,201
