nDCG,Recall,collection,count
"[0.40556, 0.37191, 0.40524, 0.4542]","[0.16372, 0.34873, 0.43981, 0.55636]",mt-rag-fiqa-beir-elser-512-100-20240501,180
"[0.40556, 0.3719100000000001, 0.40524000000000004, 0.4542]","[0.16372, 0.34873, 0.4398099999999999, 0.55636]",all,180
