nDCG,Recall,collection,count
"[0.43085, 0.4002, 0.43124, 0.47023]","[0.21131, 0.37652, 0.46021, 0.55125]",mt-rag-ibmcloud-elser-512-100-20240502,188
"[0.43085000000000007, 0.4002, 0.43124, 0.47023]","[0.21131000000000003, 0.3765200000000001, 0.46021, 0.55125]",all,188
