nDCG,Recall,collection,count
"[0.36667, 0.34259, 0.37744, 0.41417]","[0.15242, 0.32757, 0.41753, 0.50221]",mt-rag-fiqa-beir-elser-512-100-20240501,180
"[0.36667000000000005, 0.34259, 0.37744, 0.41417000000000004]","[0.15242, 0.32757, 0.41753, 0.50221]",all,180
