nDCG,Recall,collection,count
"[0.52885, 0.47659, 0.5184, 0.58264]","[0.21856, 0.42325, 0.5487, 0.69879]",mt-rag-clapnq-elser-512-100-20240503,208
"[0.52885, 0.47658999999999996, 0.5184, 0.58264]","[0.21856000000000003, 0.42325, 0.5487, 0.69879]",all,208
