nDCG,Recall,collection,count
"[0.46269, 0.46207, 0.50511, 0.57494]","[0.22078, 0.4492, 0.5497, 0.71608]",mt-rag-govt-elser-512-100-20240611,201
"[0.46268999999999993, 0.46207, 0.50511, 0.57494]","[0.22078000000000003, 0.4492, 0.5497, 0.71608]",all,201
