nDCG,Recall,collection,count
"[0.45771, 0.44502, 0.4836, 0.53911]","[0.21888, 0.43465, 0.52478, 0.65702]",mt-rag-govt-elser-512-100-20240611,201
"[0.45771000000000006, 0.44502, 0.4836, 0.53911]","[0.21887999999999996, 0.43465, 0.52478, 0.65702]",all,201
