nDCG,Recall,collection,count
"[0.4, 0.36986, 0.40389, 0.45423]","[0.1614, 0.34873, 0.43889, 0.55714]",mt-rag-fiqa-beir-elser-512-100-20240501,180
"[0.4, 0.3698600000000001, 0.40389, 0.45423]","[0.1614, 0.34873, 0.43889000000000006, 0.55714]",all,180
