nDCG,Recall,collection,count
"[0.45771, 0.46046, 0.50286, 0.5689]","[0.21954, 0.44754, 0.54737, 0.70541]",mt-rag-govt-elser-512-100-20240611,201
"[0.45771000000000006, 0.46046, 0.50286, 0.5689]","[0.21954, 0.44754, 0.54737, 0.70541]",all,201
