nDCG,Recall,collection,count
"[0.41489, 0.38695, 0.42432, 0.47076]","[0.20422, 0.36313, 0.45737, 0.56411]",mt-rag-ibmcloud-elser-512-100-20240502,188
"[0.41489, 0.38695, 0.42432, 0.47076]","[0.20422, 0.36313, 0.45737000000000005, 0.56411]",all,188
