nDCG,Recall,collection,count
"[0.28723, 0.2731, 0.30033, 0.34373]","[0.12668, 0.26739, 0.33207, 0.43528]",mt-rag-ibmcloud-elser-512-100-20240502,205
"[0.28723, 0.2731, 0.30033, 0.34373]","[0.12668, 0.26739, 0.33207, 0.43528]",all,205
