nDCG,Recall,collection,count
"[0.5, 0.47498, 0.51389, 0.57391]","[0.19768, 0.44549, 0.55831, 0.69258]",mt-rag-clapnq-elser-512-100-20240503,224
"[0.5, 0.47498, 0.51389, 0.57391]","[0.19768, 0.44549, 0.55831, 0.6925800000000001]",all,224
