nDCG,Recall,collection,count
"[0.38308, 0.40387, 0.45541, 0.49634]","[0.17521, 0.40046, 0.52314, 0.61753]",mt-rag-govt-elser-512-100-20240611,214
"[0.38308, 0.40387, 0.45541, 0.49633999999999995]","[0.17521, 0.40046, 0.52314, 0.61753]",all,214
