nDCG,Recall,collection,count
"[0.32222, 0.29629, 0.33214, 0.38451]","[0.14926, 0.27787, 0.3619, 0.4796]",mt-rag-fiqa-beir-elser-512-100-20240501,199
"[0.32222, 0.29629, 0.33214, 0.3845100000000001]","[0.14926, 0.27787, 0.3619, 0.4796000000000001]",all,199
