nDCG,Recall,collection,count
"[0.24468, 0.25012, 0.27783, 0.31028]","[0.12775, 0.24477, 0.31525, 0.38777]",mt-rag-ibmcloud-elser-512-100-20240502,205
"[0.24468000000000004, 0.25012, 0.27783, 0.31028]","[0.12775, 0.24477, 0.31525, 0.38777]",all,205
