nDCG,Recall,collection,count
"[0.23333, 0.21809, 0.24295, 0.28777]","[0.10574, 0.20019, 0.26065, 0.36255]",mt-rag-fiqa-beir-elser-512-100-20240501,199
"[0.23333, 0.21808999999999998, 0.24295000000000003, 0.28777]","[0.10574, 0.20019000000000003, 0.26065, 0.36255]",all,199
