nDCG,Recall,collection,count
"[0.47596, 0.40148, 0.43272, 0.49401]","[0.18198, 0.35551, 0.45535, 0.60303]",mt-rag-clapnq-elser-512-100-20240503,224
"[0.47596, 0.40148, 0.43272000000000005, 0.49401]","[0.18198, 0.35551000000000005, 0.45535, 0.6030299999999998]",all,224
