nDCG,Recall,collection,count
"[0.30846, 0.29864, 0.3278, 0.36951]","[0.14011, 0.28629, 0.35394, 0.4514]",mt-rag-govt-elser-512-100-20240611,214
"[0.30846, 0.29864, 0.3278, 0.36951]","[0.14011, 0.28629, 0.3539399999999999, 0.4514]",all,214
