nDCG,Recall,collection,count
"[0.09444, 0.09228, 0.1121, 0.13666]","[0.0312, 0.08787, 0.13316, 0.19316]",mt-rag-fiqa-beir-elser-512-100-20240501,199
"[0.09444, 0.09228, 0.1121, 0.13666]","[0.031200000000000002, 0.08786999999999999, 0.13316, 0.19316]",all,199
