nDCG,Recall,collection,count
"[0.22388, 0.22223, 0.25762, 0.29136]","[0.09751, 0.21824, 0.29871, 0.37654]",mt-rag-govt-elser-512-100-20240611,214
"[0.22388, 0.22223, 0.25762, 0.29136]","[0.09751, 0.21824, 0.29871, 0.37654]",all,214
