nDCG,Recall,collection,count
"[0.18085, 0.19215, 0.20422, 0.23743]","[0.1008, 0.18911, 0.2243, 0.30515]",mt-rag-ibmcloud-elser-512-100-20240502,205
"[0.18084999999999998, 0.19215, 0.20422, 0.23743]","[0.1008, 0.18911, 0.22429999999999997, 0.30515]",all,205
