nDCG,Recall,collection,count
"[0.22115, 0.2149, 0.23396, 0.28]","[0.08357, 0.19873, 0.25535, 0.36749]",mt-rag-clapnq-elser-512-100-20240503,224
"[0.22115, 0.2149, 0.23396, 0.28]","[0.08357, 0.19873, 0.25535, 0.36749]",all,224
