nDCG,Recall,collection,count
"[0.48558, 0.46386, 0.51538, 0.56989]","[0.19876, 0.43171, 0.56953, 0.69263]",mt-rag-clapnq-elser-512-100-20240503,224
"[0.48558, 0.46386, 0.51538, 0.56989]","[0.19876, 0.43171, 0.56953, 0.69263]",all,224
