nDCG,Recall,collection,count
"[0.36667, 0.31827, 0.34517, 0.38314]","[0.14876, 0.28724, 0.36419, 0.45235]",mt-rag-fiqa-beir-elser-512-100-20240501,199
"[0.36667, 0.31827, 0.34517, 0.38314000000000004]","[0.14876, 0.28724, 0.36419, 0.4523499999999999]",all,199
