nDCG,Recall,collection,count
"[0.35323, 0.35972, 0.41149, 0.46184]","[0.16108, 0.3468, 0.46894, 0.58801]",mt-rag-govt-elser-512-100-20240611,214
"[0.35323, 0.35972, 0.41149, 0.46184]","[0.16108, 0.3468, 0.46894, 0.58801]",all,214
