nDCG,Recall,collection,count
"[0.34043, 0.34593, 0.36935, 0.41637]","[0.16374, 0.33989, 0.40523, 0.51881]",mt-rag-ibmcloud-elser-512-100-20240502,205
"[0.34043, 0.34593, 0.36935, 0.41637]","[0.16374, 0.33989, 0.40523, 0.51881]",all,205
