nDCG,Recall,collection,count
"[0.30846, 0.30521, 0.33803, 0.37431]","[0.13997, 0.29674, 0.37572, 0.46143]",mt-rag-govt-elser-512-100-20240611,214
"[0.30846, 0.30521, 0.33803, 0.37431]","[0.13997, 0.29674, 0.37571999999999994, 0.46143]",all,214
