nDCG,Recall,collection,count
"[0.45192, 0.38681, 0.42702, 0.48408]","[0.1706, 0.34757, 0.45855, 0.5959]",mt-rag-clapnq-elser-512-100-20240503,224
"[0.45192, 0.38681, 0.42702, 0.48408]","[0.1706, 0.34757, 0.45855000000000007, 0.5959]",all,224
