nDCG,Recall,collection,count
"[0.26111, 0.24324, 0.2673, 0.3085]","[0.11042, 0.22437, 0.28927, 0.38544]",mt-rag-fiqa-beir-elser-512-100-20240501,199
"[0.26111, 0.24324, 0.2673, 0.3085]","[0.11042, 0.22437, 0.28927, 0.38544]",all,199
