nDCG,Recall,collection,count
"[0.26064, 0.25349, 0.28062, 0.31507]","[0.12922, 0.24416, 0.31194, 0.39138]",mt-rag-ibmcloud-elser-512-100-20240502,205
"[0.26064, 0.25349, 0.28062, 0.31507000000000007]","[0.12922, 0.24416, 0.31194, 0.39138]",all,205
