nDCG,Recall,collection,count
"[0.09444, 0.08748, 0.10466, 0.1227]","[0.0375, 0.08292, 0.12126, 0.16316]",mt-rag-fiqa-beir-elser-512-100-20240501,199
"[0.09444, 0.08748, 0.10466, 0.1227]","[0.0375, 0.08292, 0.12126000000000002, 0.16316]",all,199
