nDCG,Recall,collection,count
"[0.22388, 0.22929, 0.25494, 0.29395]","[0.09502, 0.22927, 0.28865, 0.37886]",mt-rag-govt-elser-512-100-20240611,214
"[0.22388, 0.22928999999999997, 0.25494, 0.29395]","[0.09502, 0.22927, 0.28865, 0.37886]",all,214
