nDCG,Recall,collection,count
"[0.17021, 0.17969, 0.18768, 0.21518]","[0.09181, 0.18069, 0.20861, 0.27471]",mt-rag-ibmcloud-elser-512-100-20240502,205
"[0.17021, 0.17969, 0.18768, 0.21517999999999998]","[0.09181, 0.18069, 0.20861, 0.27471]",all,205
