nDCG,Recall,collection,count
"[0.20192, 0.20646, 0.23832, 0.27525]","[0.07796, 0.1948, 0.27418, 0.36242]",mt-rag-clapnq-elser-512-100-20240503,224
"[0.20192000000000002, 0.20646, 0.23832, 0.27525]","[0.07796, 0.1948, 0.27418, 0.36242]",all,224
