nDCG,Recall,collection,count
"[0.37313, 0.37331, 0.4133, 0.46441]","[0.17584, 0.35795, 0.45891, 0.5817]",mt-rag-govt-elser-512-100-20240611,214
"[0.37313, 0.37331, 0.4133, 0.46441]","[0.17584, 0.35795, 0.45891, 0.5817]",all,214
