nDCG,Recall,collection,count
"[0.35, 0.31505, 0.34372, 0.40084]","[0.14815, 0.28853, 0.36927, 0.5036]",mt-rag-fiqa-beir-elser-512-100-20240501,199
"[0.35, 0.31505, 0.34372, 0.40084]","[0.14815, 0.28853, 0.36927, 0.5036]",all,199
