nDCG,Recall,collection,count
"[0.49038, 0.47989, 0.51785, 0.58521]","[0.20061, 0.44317, 0.56068, 0.71667]",mt-rag-clapnq-elser-512-100-20240503,224
"[0.49038, 0.47989, 0.51785, 0.58521]","[0.20061, 0.44317, 0.56068, 0.71667]",all,224
