nDCG,Recall,collection,count
"[0.35106, 0.35497, 0.38379, 0.42607]","[0.17181, 0.34783, 0.42581, 0.52262]",mt-rag-ibmcloud-elser-512-100-20240502,205
"[0.35106, 0.35497, 0.38379, 0.42607]","[0.17181, 0.34783, 0.42580999999999997, 0.52262]",all,205
