nDCG,Recall,collection,count
"[0.54327, 0.48465, 0.53357, 0.58396]","[0.2204, 0.44036, 0.57374, 0.69046]",mt-rag-clapnq-elser-512-100-20240503,224
"[0.54327, 0.48464999999999997, 0.53357, 0.58396]","[0.2204, 0.44036, 0.57374, 0.69046]",all,224
