nDCG,Recall,collection,count
"[0.30319, 0.2965, 0.32999, 0.36633]","[0.14176, 0.28839, 0.36853, 0.45657]",mt-rag-ibmcloud-elser-512-100-20240502,205
"[0.30319, 0.2965, 0.32998999999999995, 0.36633]","[0.14176, 0.28839, 0.36853, 0.4565699999999999]",all,205
