nDCG,Recall,collection,count
"[0.42289, 0.44815, 0.49296, 0.55191]","[0.19151, 0.44648, 0.56042, 0.70286]",mt-rag-govt-elser-512-100-20240611,214
"[0.42289, 0.44815, 0.49296, 0.55191]","[0.19151000000000004, 0.44648, 0.56042, 0.70286]",all,214
