nDCG,Recall,collection,count
"[0.34444, 0.30691, 0.33923, 0.38369]","[0.15487, 0.28664, 0.36414, 0.46698]",mt-rag-fiqa-beir-elser-512-100-20240501,199
"[0.34444, 0.30691, 0.3392299999999999, 0.38369]","[0.15487, 0.28664, 0.36413999999999996, 0.46697999999999995]",all,199
