nDCG,Recall,collection,count
"[0.41294, 0.4067, 0.45402, 0.51695]","[0.19359, 0.39231, 0.50824, 0.65097]",mt-rag-govt-elser-512-100-20240611,201
"[0.41294, 0.4067, 0.45402000000000003, 0.51695]","[0.19359, 0.39231, 0.50824, 0.65097]",all,201
