nDCG,Recall,collection,count
"[0.37766, 0.36541, 0.39396, 0.4377]","[0.17926, 0.35293, 0.42966, 0.52803]",mt-rag-ibmcloud-elser-512-100-20240502,188
"[0.37766, 0.36541, 0.3939599999999999, 0.4377]","[0.17926, 0.35293, 0.42966, 0.52803]",all,188
