nDCG,Recall,collection,count
"[0.23383, 0.2621, 0.29996, 0.33966]","[0.11119, 0.26517, 0.35398, 0.44979]",mt-rag-govt-elser-512-100-20240611,201
"[0.23383, 0.2621, 0.29996, 0.33965999999999996]","[0.11119, 0.26517, 0.35398, 0.44979]",all,201
