nDCG,Recall,collection,count
"[0.38889, 0.34412, 0.37791, 0.43553]","[0.16306, 0.30992, 0.40164, 0.53575]",mt-rag-fiqa-beir-elser-512-100-20240501,180
"[0.38889, 0.34412, 0.37791, 0.43553]","[0.16306, 0.30992, 0.40163999999999994, 0.53575]",all,180
