nDCG,Recall,collection,count
"[0.39444, 0.36507, 0.39891, 0.45909]","[0.15788, 0.34354, 0.4336, 0.57148]",mt-rag-fiqa-beir-elser-512-100-20240501,180
"[0.39444, 0.36506999999999995, 0.39891, 0.45909]","[0.15788, 0.34354, 0.4336, 0.57148]",all,180
