nDCG,Recall,collection,count
"[0.54327, 0.49715, 0.53685, 0.60494]","[0.22485, 0.44685, 0.56629, 0.72457]",mt-rag-clapnq-elser-512-100-20240503,208
"[0.54327, 0.4971499999999999, 0.53685, 0.60494]","[0.22485, 0.44685, 0.56629, 0.72457]",all,208
