nDCG,Recall,collection,count
"[0.49751, 0.4917, 0.52507, 0.58171]","[0.23397, 0.47378, 0.56281, 0.69849]",mt-rag-govt-elser-512-100-20240611,201
"[0.49751, 0.4917000000000001, 0.52507, 0.58171]","[0.23397, 0.47378, 0.56281, 0.69849]",all,201
