nDCG,Recall,collection,count
"[0.42553, 0.39567, 0.42849, 0.47107]","[0.2109, 0.37952, 0.45874, 0.56154]",mt-rag-ibmcloud-elser-512-100-20240502,188
"[0.42553, 0.39566999999999997, 0.42849, 0.47107]","[0.2109, 0.37952, 0.4587399999999999, 0.56154]",all,188
