nDCG,Recall,collection,count
"[0.43085, 0.38877, 0.4182, 0.45949]","[0.21223, 0.37119, 0.44003, 0.53999]",mt-rag-ibmcloud-elser-512-100-20240502,188
"[0.43085000000000007, 0.38877000000000006, 0.4182, 0.45948999999999995]","[0.21223, 0.37119, 0.44003, 0.53999]",all,188
