nDCG,Recall,collection,count
"[0.54327, 0.48068, 0.52697, 0.58609]","[0.22657, 0.42405, 0.55699, 0.69279]",mt-rag-clapnq-elser-512-100-20240503,208
"[0.54327, 0.48067999999999994, 0.52697, 0.58609]","[0.22657, 0.42405, 0.55699, 0.69279]",all,208
