nDCG,Recall,collection,count
"[0.38889, 0.36478, 0.39904, 0.45932]","[0.15511, 0.34493, 0.43591, 0.57426]",mt-rag-fiqa-beir-elser-512-100-20240501,180
"[0.38889, 0.36478, 0.39904, 0.45932]","[0.15511, 0.34493, 0.43591, 0.57426]",all,180
