nDCG,Recall,collection,count
"[0.43085, 0.39561, 0.42749, 0.47196]","[0.21268, 0.3773, 0.45386, 0.55737]",mt-rag-ibmcloud-elser-512-100-20240502,188
"[0.43085000000000007, 0.39560999999999996, 0.4274899999999999, 0.47196000000000005]","[0.21268, 0.3773, 0.45385999999999993, 0.55737]",all,188
