nDCG,Recall,collection,count
"[0.43085, 0.39061, 0.4175, 0.45895]","[0.19814, 0.36299, 0.43911, 0.53796]",mt-rag-ibmcloud-elser-512-100-20240502,188
"[0.43085000000000007, 0.39061, 0.4175, 0.45895]","[0.19814, 0.36299, 0.43911, 0.53796]",all,188
