nDCG,Recall,collection,count
"[0.54327, 0.47026, 0.50918, 0.5687]","[0.21968, 0.41267, 0.53323, 0.66726]",mt-rag-clapnq-elser-512-100-20240503,208
"[0.54327, 0.47026, 0.50918, 0.5687]","[0.21968, 0.41267, 0.53323, 0.66726]",all,208
