nDCG,Recall,collection,count
"[0.41489, 0.38386, 0.42349, 0.46451]","[0.20422, 0.35826, 0.45622, 0.5501]",mt-rag-ibmcloud-elser-512-100-20240502,188
"[0.41489, 0.38386, 0.42349, 0.46451]","[0.20422, 0.35825999999999997, 0.45622, 0.5501]",all,188
