nDCG,Recall,collection,count
"[0.41111, 0.36981, 0.40287, 0.44622]","[0.16557, 0.34317, 0.43347, 0.53683]",mt-rag-fiqa-beir-elser-512-100-20240501,180
"[0.41111, 0.3698100000000001, 0.40287, 0.44621999999999995]","[0.16557, 0.34317, 0.43347, 0.53683]",all,180
