nDCG,Recall,collection,count
"[0.3883, 0.37008, 0.41138, 0.44835]","[0.1887, 0.34921, 0.45205, 0.5384]",mt-rag-ibmcloud-elser-512-100-20240502,188
"[0.3883, 0.37008, 0.4113800000000001, 0.44834999999999997]","[0.1887, 0.34921, 0.45205, 0.5384]",all,188
