nDCG,Recall,collection,count
"[0.52885, 0.47535, 0.51392, 0.58823]","[0.21535, 0.42389, 0.54148, 0.7139]",mt-rag-clapnq-elser-512-100-20240503,208
"[0.52885, 0.47535, 0.51392, 0.58823]","[0.21534999999999999, 0.42389, 0.54148, 0.7139]",all,208
