nDCG,Recall,collection,count
"[0.46269, 0.45274, 0.49157, 0.55074]","[0.21913, 0.43593, 0.52772, 0.66695]",mt-rag-govt-elser-512-100-20240611,201
"[0.46268999999999993, 0.45274, 0.49157, 0.55074]","[0.21913, 0.43593, 0.52772, 0.66695]",all,201
