nDCG,Recall,collection,count
"[0.52885, 0.47535, 0.51475, 0.58459]","[0.21535, 0.42389, 0.54269, 0.70412]",mt-rag-clapnq-elser-512-100-20240503,208
"[0.52885, 0.47535, 0.51475, 0.58459]","[0.21534999999999999, 0.42389, 0.54269, 0.7041199999999999]",all,208
