{
  "routing_accuracy": 0.3141025641025641,
  "retriever_accuracy": 0.46794871794871795,
  "strategy_accuracy": 0.6153846153846154,
  "avg_predicted_score": 0.34923521884679487,
  "avg_oracle_score": 0.588849116525641,
  "avg_baseline_score": 0.42678088049679486,
  "performance_gap": 0.2396138976788461,
  "performance_captured": 59.3080993153851,
  "improvement_over_baseline": -0.07754566164999999,
  "improvement_over_baseline_pct": -18.169900572802806,
  "test_size": 156,
  "train_size": 621
}