{
  "routing_accuracy": 0.7683397683397684,
  "avg_predicted_score": 0.572522829807,
  "avg_oracle_score": 0.6147245923200001,
  "performance_gap": 0.04220176251300012,
  "performance_captured": 93.13485046145158
}