{
  "routing_accuracy": 0.3141025641025641,
  "retriever_accuracy": 0.46794871794871795,
  "strategy_accuracy": 0.6153846153846154,
  "avg_predicted_score": 0.34923521884679487,
  "avg_oracle_score": 0.588849116525641,
  "avg_baseline_score": 0.42678088049679486,
  "performance_gap": 0.2396138976788461,
  "performance_captured": 59.3080993153851,
  "improvement_over_baseline": -0.07754566164999999,
  "improvement_over_baseline_pct": -18.169900572802806,
  "test_size": 156,
  "train_size": 621,
  "classification_report": {
    "bge_lastturn": {
      "precision": 0.0,
      "recall": 0.0,
      "f1-score": 0.0,
      "support": 15.0
    },
    "bge_questions": {
      "precision": 0.0,
      "recall": 0.0,
      "f1-score": 0.0,
      "support": 3.0
    },
    "bge_rewrite": {
      "precision": 0.0,
      "recall": 0.0,
      "f1-score": 0.0,
      "support": 9.0
    },
    "bm25_lastturn": {
      "precision": 0.3225806451612903,
      "recall": 0.5263157894736842,
      "f1-score": 0.4,
      "support": 38.0
    },
    "bm25_questions": {
      "precision": 0.0,
      "recall": 0.0,
      "f1-score": 0.0,
      "support": 8.0
    },
    "bm25_rewrite": {
      "precision": 0.0,
      "recall": 0.0,
      "f1-score": 0.0,
      "support": 6.0
    },
    "elser_lastturn": {
      "precision": 0.35443037974683544,
      "recall": 0.5714285714285714,
      "f1-score": 0.4375,
      "support": 49.0
    },
    "elser_questions": {
      "precision": 0.0,
      "recall": 0.0,
      "f1-score": 0.0,
      "support": 9.0
    },
    "elser_rewrite": {
      "precision": 0.25,
      "recall": 0.05263157894736842,
      "f1-score": 0.08695652173913043,
      "support": 19.0
    },
    "accuracy": 0.3141025641025641,
    "macro avg": {
      "precision": 0.10300122498979175,
      "recall": 0.12781954887218044,
      "f1-score": 0.10271739130434783,
      "support": 156.0
    },
    "weighted avg": {
      "precision": 0.22035354566489723,
      "recall": 0.3141025641025641,
      "f1-score": 0.2454466276477146,
      "support": 156.0
    }
  },
  "confusion_matrix": [
    [
      0,
      0,
      0,
      3,
      0,
      0,
      10,
      1,
      1
    ],
    [
      0,
      0,
      0,
      2,
      0,
      0,
      1,
      0,
      0
    ],
    [
      1,
      0,
      0,
      3,
      0,
      0,
      4,
      0,
      1
    ],
    [
      1,
      0,
      1,
      20,
      0,
      0,
      16,
      0,
      0
    ],
    [
      1,
      0,
      0,
      2,
      0,
      0,
      5,
      0,
      0
    ],
    [
      0,
      0,
      0,
      5,
      0,
      0,
      1,
      0,
      0
    ],
    [
      2,
      0,
      1,
      14,
      1,
      1,
      28,
      1,
      1
    ],
    [
      0,
      0,
      0,
      7,
      0,
      0,
      2,
      0,
      0
    ],
    [
      0,
      0,
      0,
      6,
      0,
      0,
      12,
      0,
      1
    ]
  ],
  "labels": [
    "bge_lastturn",
    "bge_questions",
    "bge_rewrite",
    "bm25_lastturn",
    "bm25_questions",
    "bm25_rewrite",
    "elser_lastturn",
    "elser_questions",
    "elser_rewrite"
  ]
}