nDCG,Recall,collection,count
"[0.23936, 0.2359, 0.26999, 0.3105]","[0.10275, 0.23578, 0.31225, 0.41168]",mt-rag-ibmcloud-elser-512-100-20240502,205
"[0.23936, 0.2359, 0.26999, 0.3105]","[0.10275, 0.23578, 0.31225, 0.41168000000000005]",all,205
