nDCG,Recall,collection,count
"[0.46635, 0.42071, 0.46947, 0.51512]","[0.18266, 0.38179, 0.5094, 0.61521]",mt-rag-clapnq-elser-512-100-20240503,224
"[0.46635, 0.42071, 0.46947, 0.51512]","[0.18266, 0.38179, 0.5094, 0.61521]",all,224
