nDCG,Recall,collection,count
"[0.42786, 0.44384, 0.48153, 0.53505]","[0.19317, 0.4347, 0.53024, 0.66231]",mt-rag-govt-elser-512-100-20240611,214
"[0.4278600000000001, 0.44384, 0.48153, 0.53505]","[0.19317, 0.4347, 0.53024, 0.6623100000000001]",all,214
