nDCG,Recall,collection,count
"[0.30556, 0.27689, 0.31028, 0.35417]","[0.13649, 0.26225, 0.34489, 0.44794]",mt-rag-fiqa-beir-elser-512-100-20240501,199
"[0.30556, 0.27689, 0.31028, 0.35417]","[0.13649, 0.26225, 0.3448899999999999, 0.44794]",all,199
