nDCG,Recall,collection,count
"[0.35556, 0.33849, 0.36572, 0.40932]","[0.1513, 0.31992, 0.39396, 0.49415]",mt-rag-fiqa-beir-elser-512-100-20240501,199
"[0.35556, 0.33849, 0.36572, 0.4093200000000001]","[0.1513, 0.31992, 0.39396, 0.49415]",all,199
