{
  "domain": {
    "bm25_distribution": {
      "govt": 0.3192307692307692,
      "cloud": 0.27307692307692305,
      "clapnq": 0.21153846153846154,
      "fiqa": 0.19615384615384615
    },
    "elser_distribution": {
      "clapnq": 0.29736842105263156,
      "fiqa": 0.24736842105263157,
      "govt": 0.23684210526315788,
      "cloud": 0.21842105263157896
    }
  },
  "question_type": {
    "bm25_distribution": {
      "Factoid": 0.27692307692307694,
      "Explanation": 0.15384615384615385,
      "Keyword": 0.11538461538461539,
      "Summarization": 0.1076923076923077,
      "Non-Question": 0.08846153846153847,
      "How-To": 0.08076923076923077,
      "Opinion": 0.07692307692307693,
      "Comparative": 0.05384615384615385,
      "Composite": 0.026923076923076925,
      "Troubleshooting": 0.019230769230769232
    },
    "elser_distribution": {
      "Factoid": 0.2894736842105263,
      "Explanation": 0.19473684210526315,
      "Summarization": 0.11052631578947368,
      "How-To": 0.08947368421052632,
      "Composite": 0.07105263157894737,
      "Opinion": 0.06578947368421052,
      "Comparative": 0.06315789473684211,
      "Keyword": 0.060526315789473685,
      "Non-Question": 0.042105263157894736,
      "Troubleshooting": 0.013157894736842105
    }
  },
  "multi_turn_type": {
    "bm25_distribution": {
      "Follow-up": 0.7653846153846153,
      "Clarification": 0.1423076923076923,
      "N/A": 0.09230769230769231
    },
    "elser_distribution": {
      "Follow-up": 0.7078947368421052,
      "N/A": 0.17105263157894737,
      "Clarification": 0.12105263157894737
    }
  },
  "answerability": {
    "bm25_distribution": {
      "ANSWERABLE": 0.8769230769230769,
      "PARTIAL": 0.12307692307692308
    },
    "elser_distribution": {
      "ANSWERABLE": 0.9236842105263158,
      "PARTIAL": 0.07631578947368421
    }
  },
  "query_length_words": {
    "bm25_mean": 8.526923076923078,
    "bm25_median": 8.0,
    "elser_mean": 8.58157894736842,
    "elser_median": 8.0
  },
  "turn_id": {
    "bm25_mean": 4.765384615384615,
    "bm25_median": 5.0,
    "elser_mean": 4.168421052631579,
    "elser_median": 4.0
  },
  "is_first_turn": {
    "bm25_distribution": {
      "False": 0.9076923076923077,
      "True": 0.09230769230769231
    },
    "elser_distribution": {
      "False": 0.8289473684210527,
      "True": 0.17105263157894737
    }
  }
}