{
  "domain": {
    "lastturn_distribution": {
      "cloud": 0.2648221343873518,
      "clapnq": 0.2549407114624506,
      "govt": 0.2450592885375494,
      "fiqa": 0.23517786561264822
    },
    "rewrite_distribution": {
      "clapnq": 0.30538922155688625,
      "govt": 0.2694610778443114,
      "fiqa": 0.25748502994011974,
      "cloud": 0.16766467065868262
    }
  },
  "question_type": {
    "lastturn_distribution": {
      "Factoid": 0.2727272727272727,
      "Explanation": 0.17588932806324112,
      "How-To": 0.11067193675889328,
      "Summarization": 0.09881422924901186,
      "Keyword": 0.07905138339920949,
      "Non-Question": 0.06719367588932806,
      "Composite": 0.06324110671936758,
      "Opinion": 0.06126482213438735,
      "Comparative": 0.0533596837944664,
      "Troubleshooting": 0.017786561264822136
    },
    "rewrite_distribution": {
      "Factoid": 0.30538922155688625,
      "Explanation": 0.17365269461077845,
      "Summarization": 0.1317365269461078,
      "Opinion": 0.08383233532934131,
      "How-To": 0.0718562874251497,
      "Comparative": 0.0658682634730539,
      "Composite": 0.059880239520958084,
      "Keyword": 0.05389221556886228,
      "Non-Question": 0.03592814371257485,
      "Troubleshooting": 0.017964071856287425
    }
  },
  "multi_turn_type": {
    "lastturn_distribution": {
      "Follow-up": 0.6956521739130435,
      "N/A": 0.2015810276679842,
      "Clarification": 0.10276679841897234
    },
    "rewrite_distribution": {
      "Follow-up": 0.7784431137724551,
      "Clarification": 0.2215568862275449
    }
  },
  "answerability": {
    "lastturn_distribution": {
      "ANSWERABLE": 0.9130434782608695,
      "PARTIAL": 0.08695652173913043
    },
    "rewrite_distribution": {
      "ANSWERABLE": 0.8862275449101796,
      "PARTIAL": 0.11377245508982035
    }
  },
  "query_length_words": {
    "lastturn_mean": 8.938735177865613,
    "lastturn_median": 8.0,
    "rewrite_mean": 8.071856287425149,
    "rewrite_median": 7.0
  },
  "turn_id": {
    "lastturn_mean": 4.446640316205533,
    "lastturn_median": 4.0,
    "rewrite_mean": 4.778443113772455,
    "rewrite_median": 4.0
  },
  "is_first_turn": {
    "lastturn_distribution": {
      "False": 0.7984189723320159,
      "True": 0.2015810276679842
    },
    "rewrite_distribution": {
      "False": 1.0
    }
  }
}