nDCG,Recall,collection,count
"[0.17308, 0.1409, 0.15171, 0.18526]","[0.06202, 0.12316, 0.16178, 0.24175]",mt-rag-clapnq-elser-512-100-20240503,208
"[0.17308, 0.1409, 0.15171, 0.18526]","[0.06202, 0.12316, 0.16178, 0.24175]",all,208
