nDCG,Recall,collection,count
"[0.21635, 0.19662, 0.22292, 0.25472]","[0.08646, 0.17969, 0.24652, 0.32072]",mt-rag-clapnq-elser-512-100-20240503,208
"[0.21635, 0.19662, 0.22292000000000003, 0.25472]","[0.08646, 0.17968999999999996, 0.24652, 0.32072]",all,208
