nDCG,Recall,collection,count
"[0.19712, 0.16897, 0.18579, 0.22066]","[0.07849, 0.14788, 0.19997, 0.28679]",mt-rag-clapnq-elser-512-100-20240503,208
"[0.19712, 0.16897, 0.18579, 0.22066000000000002]","[0.07849, 0.14788, 0.19997, 0.28679]",all,208
