nDCG,Recall,collection,count
"[0.09574, 0.10318, 0.12906, 0.14754]","[0.04938, 0.1075, 0.16322, 0.20489]",mt-rag-ibmcloud-elser-512-100-20240502,188
"[0.09574, 0.10318, 0.12906, 0.14754]","[0.04938, 0.1075, 0.16322, 0.20489]",all,188
