nDCG,Recall,collection,count
"[0.17021, 0.17962, 0.19674, 0.21441]","[0.09752, 0.17829, 0.22191, 0.26402]",mt-rag-ibmcloud-elser-512-100-20240502,188
"[0.17021, 0.17962, 0.19674, 0.21440999999999996]","[0.09752, 0.17829, 0.22191, 0.26402]",all,188
