nDCG,Recall,collection,count
"[0.19681, 0.18861, 0.2138, 0.23555]","[0.10138, 0.18609, 0.24638, 0.29824]",mt-rag-ibmcloud-elser-512-100-20240502,188
"[0.19681, 0.18861, 0.21380000000000002, 0.23555]","[0.10138, 0.18609, 0.24638, 0.29824]",all,188
