nDCG,Recall,collection,count
"[0.06667, 0.08761, 0.09307, 0.11102]","[0.02657, 0.09083, 0.10565, 0.15]",mt-rag-fiqa-beir-elser-512-100-20240501,180
"[0.06667, 0.08761, 0.09307, 0.11102]","[0.026570000000000003, 0.09083, 0.10565, 0.15]",all,180
