nDCG,Recall,collection,count
"[0.08889, 0.10801, 0.11965, 0.14535]","[0.03472, 0.1112, 0.13935, 0.20194]",mt-rag-fiqa-beir-elser-512-100-20240501,180
"[0.08889, 0.10801000000000001, 0.11965000000000002, 0.14535]","[0.03472, 0.1112, 0.13935, 0.20194]",all,180
