nDCG,Recall,collection,count
"[0.07778, 0.06903, 0.07989, 0.09544]","[0.03009, 0.06269, 0.08861, 0.12459]",mt-rag-fiqa-beir-elser-512-100-20240501,180
"[0.07778, 0.06903, 0.07989, 0.09543999999999998]","[0.03009, 0.06269, 0.08861, 0.12459]",all,180
