nDCG,Recall,collection,count
"[0.21891, 0.20342, 0.22874, 0.2611]","[0.09668, 0.18847, 0.25274, 0.32985]",mt-rag-govt-elser-512-100-20240611,201
"[0.21891, 0.20342, 0.22874, 0.2611]","[0.09668, 0.18847, 0.25274, 0.32985]",all,201
