nDCG,Recall,collection,count
"[0.199, 0.19502, 0.22051, 0.25083]","[0.1005, 0.19254, 0.24602, 0.31555]",mt-rag-govt-elser-512-100-20240611,201
"[0.199, 0.19502, 0.22051, 0.25083]","[0.1005, 0.19254, 0.24602, 0.31555]",all,201
