nDCG,Recall,collection,count
"[0.23881, 0.22473, 0.25877, 0.3027]","[0.10937, 0.21534, 0.29726, 0.39942]",mt-rag-govt-elser-512-100-20240611,201
"[0.23881, 0.22473000000000004, 0.25877, 0.3027]","[0.10937000000000001, 0.21534, 0.29726, 0.39941999999999994]",all,201
