nDCG,Recall,collection,count
"[0.18333, 0.17757, 0.19743, 0.23575]","[0.07935, 0.17265, 0.21835, 0.30923]",mt-rag-fiqa-beir-elser-512-100-20240501,180
"[0.18333000000000002, 0.17757, 0.19743, 0.23574999999999996]","[0.07935, 0.17265, 0.21835, 0.30923]",all,180
