nDCG,Recall,collection,count
"[0.23404, 0.23085, 0.25308, 0.2899]","[0.10936, 0.2262, 0.27744, 0.36503]",mt-rag-ibmcloud-elser-512-100-20240502,188
"[0.23403999999999997, 0.23085, 0.25308, 0.2899]","[0.10936, 0.2262, 0.27744, 0.36503]",all,188
