nDCG,Recall,collection,count
"[0.35096, 0.32189, 0.34401, 0.39917]","[0.13423, 0.29581, 0.3672, 0.49578]",mt-rag-clapnq-elser-512-100-20240503,208
"[0.35096, 0.32189, 0.34401, 0.39917]","[0.13423, 0.29581, 0.3672, 0.49578]",all,208
