nDCG,Recall,collection,count
"[0.22886, 0.22765, 0.25605, 0.30318]","[0.10274, 0.21871, 0.28925, 0.40388]",mt-rag-govt-elser-512-100-20240611,201
"[0.22886, 0.22765, 0.25605, 0.30318]","[0.10274, 0.21871, 0.28925, 0.40387999999999996]",all,201
