nDCG,Recall,collection,count
"[0.08889, 0.11659, 0.12764, 0.15475]","[0.03102, 0.12491, 0.15228, 0.21501]",mt-rag-fiqa-beir-elser-512-100-20240501,180
"[0.08889, 0.11659, 0.12764, 0.15475]","[0.03102, 0.12491, 0.15228, 0.21500999999999998]",all,180
