nDCG,Recall,collection,count
"[0.26368, 0.27376, 0.29991, 0.33627]","[0.11177, 0.26622, 0.3348, 0.41929]",mt-rag-govt-elser-512-100-20240611,201
"[0.26368, 0.27376, 0.29991, 0.33627]","[0.11177, 0.26622, 0.3348, 0.41928999999999994]",all,201
