nDCG,Recall,collection,count
"[0.22115, 0.2021, 0.23227, 0.28447]","[0.08181, 0.17705, 0.25478, 0.38512]",mt-rag-clapnq-elser-512-100-20240503,208
"[0.22115, 0.2021, 0.23227, 0.28447]","[0.08181, 0.17704999999999999, 0.25478, 0.38512]",all,208
