nDCG,Recall,collection,count
"[0.17553, 0.18532, 0.20517, 0.24066]","[0.08262, 0.18468, 0.23024, 0.31948]",mt-rag-ibmcloud-elser-512-100-20240502,188
"[0.17553, 0.18532, 0.20517, 0.24066]","[0.08262, 0.18468000000000004, 0.23024, 0.31948]",all,188
