nDCG,Recall,collection,count
"[0.33333, 0.34716, 0.38243, 0.42843]","[0.15473, 0.34975, 0.44071, 0.54768]",mt-rag-govt-elser-512-100-20240611,201
"[0.33333, 0.34716, 0.38243, 0.42843]","[0.15473, 0.34975, 0.44070999999999994, 0.54768]",all,201
