nDCG,Recall,collection,count
"[0.39423, 0.36788, 0.39582, 0.45847]","[0.1688, 0.3319, 0.41821, 0.56587]",mt-rag-clapnq-elser-512-100-20240503,208
"[0.39423, 0.36787999999999993, 0.39582, 0.45847000000000004]","[0.1688, 0.3319, 0.4182100000000001, 0.56587]",all,208
