nDCG,Recall,collection,count
"[0.28889, 0.24411, 0.26232, 0.30151]","[0.12866, 0.22798, 0.27571, 0.36847]",mt-rag-fiqa-beir-elser-512-100-20240501,180
"[0.28889, 0.24411, 0.26232, 0.30151]","[0.12866, 0.22798000000000002, 0.27571, 0.36847]",all,180
