nDCG,Recall,collection,count
"[0.26064, 0.24137, 0.27636, 0.30782]","[0.11445, 0.23475, 0.31379, 0.38343]",mt-rag-ibmcloud-elser-512-100-20240502,188
"[0.26064, 0.24137, 0.27636, 0.30782]","[0.11445, 0.23475, 0.31379, 0.38343]",all,188
