nDCG,Recall,collection,count
"[0.30319, 0.28362, 0.30481, 0.3449]","[0.14713, 0.2712, 0.33184, 0.42249]",mt-rag-ibmcloud-elser-512-100-20240502,205
"[0.30319, 0.28362, 0.30481, 0.3449]","[0.14713, 0.2712, 0.33184, 0.42249]",all,205
