nDCG,Recall,collection,count
"[0.42308, 0.38174, 0.41588, 0.4798]","[0.15931, 0.34773, 0.44894, 0.5989]",mt-rag-clapnq-elser-512-100-20240503,224
"[0.42308, 0.38174, 0.41588, 0.4798]","[0.15931, 0.34773, 0.44894, 0.5988999999999999]",all,224
