nDCG,Recall,collection,count
"[0.27222, 0.24301, 0.27327, 0.3108]","[0.11611, 0.2263, 0.29742, 0.38562]",mt-rag-fiqa-beir-elser-512-100-20240501,199
"[0.27222, 0.24301, 0.27327, 0.3108]","[0.11611, 0.22630000000000003, 0.29742, 0.38562]",all,199
