nDCG,Recall,collection,count
"[0.31343, 0.29404, 0.31747, 0.36555]","[0.14096, 0.27833, 0.34226, 0.45558]",mt-rag-govt-elser-512-100-20240611,214
"[0.31342999999999993, 0.29404, 0.3174699999999999, 0.36555]","[0.14096, 0.27833, 0.34226, 0.45558]",all,214
