nDCG,Recall,collection,count
"[0.23077, 0.21435, 0.23875, 0.28236]","[0.08598, 0.1914, 0.26084, 0.36565]",mt-rag-clapnq-elser-512-100-20240503,224
"[0.23077, 0.21435, 0.23875, 0.28236]","[0.08598000000000001, 0.1914, 0.26084, 0.36565]",all,224
