nDCG,Recall,collection,count
"[0.09444, 0.09327, 0.11388, 0.14191]","[0.03935, 0.09015, 0.13616, 0.20172]",mt-rag-fiqa-beir-elser-512-100-20240501,199
"[0.09444, 0.09326999999999999, 0.11388, 0.14191]","[0.03935, 0.09015, 0.13616, 0.20172]",all,199
