nDCG,Recall,collection,count
"[0.23881, 0.22838, 0.25533, 0.29016]","[0.10348, 0.22297, 0.28592, 0.36692]",mt-rag-govt-elser-512-100-20240611,214
"[0.23881, 0.22838, 0.25533, 0.29016]","[0.10348, 0.22297, 0.28592, 0.36692]",all,214
