nDCG,Recall,collection,count
"[0.17553, 0.17274, 0.18563, 0.22105]","[0.08445, 0.16606, 0.20702, 0.29217]",mt-rag-ibmcloud-elser-512-100-20240502,205
"[0.17553, 0.17274, 0.18563, 0.22105]","[0.08445, 0.16606, 0.20702, 0.29217]",all,205
