nDCG,Recall,collection,count
"[0.34574, 0.33378, 0.36693, 0.40854]","[0.1656, 0.3211, 0.40152, 0.49815]",mt-rag-ibmcloud-elser-512-100-20240502,205
"[0.34574, 0.33378, 0.36693, 0.40854000000000007]","[0.1656, 0.32110000000000005, 0.40152, 0.49815]",all,205
