nDCG,Recall,collection,count
"[0.50481, 0.46237, 0.50212, 0.56983]","[0.19916, 0.42313, 0.5398, 0.69447]",mt-rag-clapnq-elser-512-100-20240503,224
"[0.50481, 0.46237, 0.50212, 0.56983]","[0.19916, 0.42313, 0.5398, 0.69447]",all,224
