nDCG,Recall,collection,count
"[0.37778, 0.32379, 0.35579, 0.41128]","[0.1612, 0.29839, 0.38103, 0.51081]",mt-rag-fiqa-beir-elser-512-100-20240501,199
"[0.37778, 0.32379, 0.35579, 0.41128]","[0.1612, 0.29839, 0.38103, 0.51081]",all,199
