nDCG,Recall,collection,count
"[0.39303, 0.38999, 0.42429, 0.47745]","[0.17841, 0.37246, 0.4691, 0.59758]",mt-rag-govt-elser-512-100-20240611,214
"[0.39303, 0.38999, 0.42429000000000006, 0.47745]","[0.17841, 0.37246, 0.4691, 0.59758]",all,214
