{
  "routing_accuracy": 0.4166666666666667,
  "avg_predicted_score": 0.3629011878801282,
  "avg_oracle_score": 0.5674909396878205,
  "performance_gap": 0.2045897518076923,
  "performance_captured": 63.948366837321124,
  "n_evaluated_tasks": 156,
  "n_test_tasks": 156,
  "n_total_tasks": 777
}