nDCG,Recall,collection,count
"[0.42289, 0.43371, 0.48571, 0.52932]","[0.18903, 0.42366, 0.54755, 0.65575]",mt-rag-govt-elser-512-100-20240611,214
"[0.42289, 0.43371, 0.4857099999999999, 0.52932]","[0.18903, 0.42366, 0.54755, 0.65575]",all,214
