nDCG,Recall,collection,count
"[0.54327, 0.51225, 0.56269, 0.63119]","[0.22796, 0.47177, 0.60747, 0.76314]",mt-rag-clapnq-elser-512-100-20240503,224
"[0.54327, 0.51225, 0.56269, 0.63119]","[0.22796, 0.47176999999999997, 0.60747, 0.76314]",all,224
