nDCG,Recall,collection,count
"[0.29787, 0.28728, 0.3278, 0.36912]","[0.12757, 0.28679, 0.37877, 0.47173]",mt-rag-ibmcloud-elser-512-100-20240502,205
"[0.29787, 0.28728, 0.3278, 0.36912]","[0.12757, 0.28679, 0.37877000000000005, 0.47173]",all,205
