{
  "baselines": {
    "lastturn": {
      "Recall@1": 0.12958065637065636,
      "Recall@3": 0.2592221879021879,
      "Recall@5": 0.32667660231660234,
      "Recall@10": 0.4276627799227799,
      "NDCG@1": 0.29858500643500646,
      "NDCG@3": 0.27667138996138996,
      "NDCG@5": 0.30130550836550835,
      "NDCG@10": 0.3444853153153153,
      "count": 777
    },
    "rewrite": {
      "Recall@1": 0.15289091377091377,
      "Recall@3": 0.3047470785070785,
      "Recall@5": 0.38127528957528956,
      "Recall@10": 0.49804133848133847,
      "NDCG@1": 0.35778337194337195,
      "NDCG@3": 0.3257743371943372,
      "NDCG@5": 0.353878018018018,
      "NDCG@10": 0.40374387387387384,
      "count": 777
    },
    "questions": {
      "Recall@1": 0.06382464607464608,
      "Recall@3": 0.1537553667953668,
      "Recall@5": 0.2114914929214929,
      "Recall@10": 0.2829337194337194,
      "NDCG@1": 0.15186608751608752,
      "NDCG@3": 0.15509446589446588,
      "NDCG@5": 0.18140581724581722,
      "NDCG@10": 0.21161375804375804,
      "count": 777
    }
  },
  "mmr_by_turn": {
    "1": {
      "Recall@10": 0.6039,
      "NDCG@10": 0.4978,
      "count": 110
    },
    "2": {
      "Recall@10": 0.469,
      "NDCG@10": 0.4002,
      "count": 110
    },
    "3": {
      "Recall@10": 0.4083,
      "NDCG@10": 0.3147,
      "count": 110
    },
    "4": {
      "Recall@10": 0.3938,
      "NDCG@10": 0.303,
      "count": 109
    },
    "5": {
      "Recall@10": 0.3781,
      "NDCG@10": 0.3077,
      "count": 106
    },
    "6": {
      "Recall@10": 0.4158,
      "NDCG@10": 0.3095,
      "count": 100
    },
    "7": {
      "Recall@10": 0.3529,
      "NDCG@10": 0.2905,
      "count": 89
    },
    "8": {
      "Recall@10": 0.3475,
      "NDCG@10": 0.2765,
      "count": 68
    },
    "9": {
      "Recall@10": 0.3789,
      "NDCG@10": 0.2652,
      "count": 33
    },
    "10": {
      "Recall@10": 0.9,
      "NDCG@10": 0.7837,
      "count": 5
    },
    "11": {
      "Recall@10": 0.75,
      "NDCG@10": 0.8319,
      "count": 1
    },
    "12": {
      "Recall@10": 1.0,
      "NDCG@10": 1.0,
      "count": 1
    }
  },
  "mmr_overall": {
    "Recall@10": 0.42910522565320663,
    "NDCG@10": 0.3434070071258908,
    "count": 842
  }
}