nDCG,Recall,collection,count
"[0.5, 0.43151, 0.46824, 0.52388]","[0.18747, 0.38579, 0.49837, 0.62984]",mt-rag-clapnq-elser-512-100-20240503,208
"[0.5, 0.43151, 0.46824, 0.52388]","[0.18747, 0.38579, 0.4983699999999999, 0.62984]",all,208
