nDCG,Recall,collection,count
"[0.32222, 0.312, 0.34825, 0.39193]","[0.14265, 0.29464, 0.38238, 0.48734]",mt-rag-fiqa-beir-elser-512-100-20240501,180
"[0.32222, 0.312, 0.34825, 0.39193]","[0.14265, 0.29464, 0.38238, 0.48734]",all,180
