nDCG,Recall,collection,count
"[0.24378, 0.23973, 0.27563, 0.31296]","[0.11426, 0.22952, 0.31559, 0.40747]",mt-rag-govt-elser-512-100-20240611,201
"[0.24378, 0.23973, 0.27563, 0.31296]","[0.11425999999999999, 0.22951999999999997, 0.31559, 0.40747]",all,201
