nDCG,Recall,collection,count
"[0.35106, 0.33603, 0.36924, 0.4162]","[0.16548, 0.32147, 0.40569, 0.51473]",mt-rag-ibmcloud-elser-512-100-20240502,188
"[0.35106, 0.33603, 0.36923999999999996, 0.41619999999999996]","[0.16548, 0.32147, 0.40568999999999994, 0.51473]",all,188
