nDCG,Recall,collection,count
"[0.12766, 0.13295, 0.16257, 0.19654]","[0.04911, 0.13395, 0.19328, 0.27776]",mt-rag-ibmcloud-elser-512-100-20240502,188
"[0.12766, 0.13295, 0.16257, 0.19654]","[0.04911, 0.13395, 0.19328, 0.27776]",all,188
