nDCG,Recall,collection,count
"[0.39423, 0.39096, 0.43047, 0.48078]","[0.15654, 0.36632, 0.48115, 0.59939]",mt-rag-clapnq-elser-512-100-20240503,208
"[0.39423, 0.39096, 0.43047, 0.48078]","[0.15654, 0.36632, 0.48115, 0.59939]",all,208
