nDCG,Recall,collection,count
"[0.37234, 0.3477, 0.38634, 0.42833]","[0.17035, 0.32918, 0.42679, 0.52182]",mt-rag-ibmcloud-elser-512-100-20240502,188
"[0.37234, 0.34769999999999995, 0.38634, 0.42833]","[0.17035000000000003, 0.32918, 0.42679, 0.52182]",all,188
