nDCG,Recall,collection,count
"[0.24038, 0.24448, 0.27381, 0.31243]","[0.09247, 0.23678, 0.31086, 0.40006]",mt-rag-clapnq-elser-512-100-20240503,208
"[0.24038, 0.24448, 0.27381, 0.31243]","[0.09247, 0.23678, 0.31086, 0.40005999999999997]",all,208
