nDCG,Recall,collection,count
"[0.17222, 0.14237, 0.16289, 0.18307]","[0.07731, 0.1332, 0.17751, 0.22321]",mt-rag-fiqa-beir-elser-512-100-20240501,180
"[0.17222, 0.14237, 0.16289, 0.18307]","[0.07731, 0.1332, 0.17751, 0.22321]",all,180
