nDCG,Recall,collection,count
"[0.38806, 0.37398, 0.42249, 0.48347]","[0.17792, 0.35785, 0.47033, 0.61124]",mt-rag-govt-elser-512-100-20240611,201
"[0.38806, 0.37398, 0.42249000000000003, 0.48347]","[0.17792, 0.35785000000000006, 0.47033, 0.61124]",all,201
