nDCG,Recall,collection,count
"[0.27222, 0.26012, 0.29234, 0.33357]","[0.11228, 0.24399, 0.32284, 0.4196]",mt-rag-fiqa-beir-elser-512-100-20240501,180
"[0.27222, 0.26012, 0.29234, 0.33357]","[0.11228, 0.24398999999999998, 0.32284, 0.4196]",all,180
