nDCG,Recall,collection,count
"[0.34328, 0.32893, 0.37727, 0.42516]","[0.14947, 0.31219, 0.4285, 0.54352]",mt-rag-govt-elser-512-100-20240611,201
"[0.34328, 0.32893, 0.37727, 0.42516]","[0.14947, 0.31219, 0.4285, 0.54352]",all,201
