nDCG,Recall,collection,count
"[0.43781, 0.41664, 0.46973, 0.51128]","[0.20191, 0.39599, 0.52477, 0.62048]",mt-rag-govt-elser-512-100-20240611,201
"[0.43781, 0.41664, 0.46973, 0.51128]","[0.20191, 0.39599, 0.52477, 0.62048]",all,201
