nDCG,Recall,collection,count
"[0.29255, 0.29635, 0.32316, 0.35647]","[0.13129, 0.28725, 0.35769, 0.43818]",mt-rag-ibmcloud-elser-512-100-20240502,205
"[0.29255, 0.29635, 0.32316, 0.35647]","[0.13129, 0.28725, 0.35769000000000006, 0.43818000000000007]",all,205
