nDCG,Recall,collection,count
"[0.41791, 0.41627, 0.44843, 0.50183]","[0.17924, 0.40408, 0.49894, 0.61993]",mt-rag-govt-elser-512-100-20240611,214
"[0.41791, 0.41627, 0.44843000000000005, 0.50183]","[0.17924, 0.40408, 0.49894, 0.61993]",all,214
