nDCG,Recall,collection,count
"[0.29787, 0.28962, 0.32775, 0.36544]","[0.13652, 0.28335, 0.3728, 0.46008]",mt-rag-ibmcloud-elser-512-100-20240502,205
"[0.29787, 0.28962, 0.32775, 0.36544]","[0.13652, 0.28335, 0.3728, 0.46008]",all,205
