nDCG,Recall,collection,count
"[0.3, 0.29247, 0.31833, 0.37351]","[0.1282, 0.28007, 0.34679, 0.47772]",mt-rag-fiqa-beir-elser-512-100-20240501,180
"[0.3, 0.29247, 0.31833, 0.37351000000000006]","[0.1282, 0.28007, 0.34679, 0.47772]",all,180
