nDCG,Recall,collection,count
"[0.33889, 0.31489, 0.34676, 0.39566]","[0.13964, 0.28854, 0.3748, 0.4913]",mt-rag-fiqa-beir-elser-512-100-20240501,199
"[0.33889, 0.31489, 0.34676, 0.39566]","[0.13964, 0.28854, 0.3748, 0.49130000000000007]",all,199
