nDCG,Recall,collection,count
"[0.48077, 0.46443, 0.49333, 0.56219]","[0.18325, 0.43391, 0.53163, 0.68534]",mt-rag-clapnq-elser-512-100-20240503,208
"[0.48077, 0.46443, 0.49333, 0.56219]","[0.18325, 0.43391, 0.53163, 0.68534]",all,208
