nDCG,Recall,collection,count
"[0.51442, 0.48153, 0.52672, 0.59065]","[0.2109, 0.44485, 0.56857, 0.7117]",mt-rag-clapnq-elser-512-100-20240503,224
"[0.51442, 0.48152999999999996, 0.52672, 0.59065]","[0.2109, 0.44485, 0.56857, 0.7116999999999999]",all,224
