enrichment_type,subtype,strategy,count,percentage,mean_score,median_score,std_dev,min_score,max_score
answerability,ANSWERABLE,lastturn,709,91.25,18.89891399196051,18.997488,4.972921550797275,4.8060555,35.413162
answerability,ANSWERABLE,rewrite,709,91.25,21.265724487306066,21.687994,4.531795682133747,6.830464,35.413162
answerability,ANSWERABLE,questions,709,91.25,21.853802498589562,21.43333,4.407521209802936,10.792541,39.63394
answerability,PARTIAL,lastturn,68,8.75,16.391957919117647,16.265294,4.959976294308171,6.760389,29.914299
answerability,PARTIAL,rewrite,68,8.75,19.512038788235294,19.7448235,4.927221739601753,7.9557276,31.554405
answerability,PARTIAL,questions,68,8.75,21.301664029411764,20.849844,5.115530321770912,11.685927,33.378796
