nDCG,Recall,collection,count
"[0.30846, 0.29375, 0.33386, 0.37867]","[0.14093, 0.28297, 0.372, 0.4809]",mt-rag-govt-elser-512-100-20240611,214
"[0.30846, 0.29375, 0.33386, 0.37867]","[0.14093, 0.28297, 0.372, 0.4809]",all,214
