nDCG,Recall,collection,count
"[0.44231, 0.38614, 0.41826, 0.48128]","[0.1654, 0.35438, 0.45102, 0.60007]",mt-rag-clapnq-elser-512-100-20240503,224
"[0.44231, 0.38614, 0.41826, 0.48128]","[0.1654, 0.35438, 0.45102000000000003, 0.60007]",all,224
