nDCG,Recall,collection,count
"[0.26596, 0.2653, 0.28702, 0.31926]","[0.13794, 0.26556, 0.32023, 0.39519]",mt-rag-ibmcloud-elser-512-100-20240502,205
"[0.26596, 0.2653, 0.28702, 0.31926]","[0.13794, 0.26556, 0.32022999999999996, 0.39519]",all,205
