nDCG,Recall,collection,count
"[0.25, 0.23216, 0.25514, 0.29392]","[0.11366, 0.21679, 0.27503, 0.36415]",mt-rag-fiqa-beir-elser-512-100-20240501,199
"[0.25, 0.23216, 0.25514, 0.29392]","[0.11366, 0.21679, 0.27503, 0.3641499999999999]",all,199
