nDCG,Recall,collection,count
"[0.19712, 0.19827, 0.23068, 0.27983]","[0.07404, 0.18198, 0.26256, 0.38117]",mt-rag-clapnq-elser-512-100-20240503,224
"[0.19712, 0.19827, 0.23068, 0.27983]","[0.07404, 0.18198, 0.26256, 0.38117]",all,224
