nDCG,Recall,collection,count
"[0.09444, 0.09654, 0.11286, 0.13685]","[0.03565, 0.0945, 0.13209, 0.18807]",mt-rag-fiqa-beir-elser-512-100-20240501,199
"[0.09444, 0.09654, 0.11286, 0.13685]","[0.03565, 0.09449999999999999, 0.13209, 0.18806999999999996]",all,199
