nDCG,Recall,collection,count
"[0.25373, 0.26, 0.28634, 0.32639]","[0.10804, 0.2539, 0.32189, 0.41534]",mt-rag-govt-elser-512-100-20240611,214
"[0.25373, 0.26, 0.28634, 0.32639]","[0.10804000000000001, 0.2539, 0.32189, 0.41533999999999993]",all,214
