nDCG,Recall,collection,count
"[0.16489, 0.16512, 0.18079, 0.21277]","[0.08661, 0.16234, 0.20356, 0.28278]",mt-rag-ibmcloud-elser-512-100-20240502,205
"[0.16489, 0.16512, 0.18079, 0.21277]","[0.08661, 0.16234000000000004, 0.20356, 0.28278]",all,205
