nDCG,Recall,collection,count
"[0.36667, 0.32655, 0.35143, 0.39073]","[0.15426, 0.30122, 0.37298, 0.4654]",mt-rag-fiqa-beir-elser-512-100-20240501,199
"[0.36667, 0.32655, 0.35143, 0.3907300000000001]","[0.15426, 0.30122, 0.37298, 0.4654]",all,199
