nDCG,Recall,collection,count
"[0.50481, 0.45942, 0.50871, 0.57042]","[0.20117, 0.41472, 0.55547, 0.69936]",mt-rag-clapnq-elser-512-100-20240503,224
"[0.50481, 0.45942, 0.50871, 0.57042]","[0.20117, 0.41472, 0.55547, 0.6993599999999999]",all,224
