nDCG,Recall,collection,count
"[0.32979, 0.32945, 0.36576, 0.40586]","[0.16427, 0.32296, 0.40922, 0.50306]",mt-rag-ibmcloud-elser-512-100-20240502,205
"[0.3297900000000001, 0.32945, 0.3657599999999999, 0.40586]","[0.16427, 0.32296, 0.40922, 0.50306]",all,205
