nDCG,Recall,collection,count
"[0.41791, 0.40037, 0.45053, 0.50083]","[0.18762, 0.38306, 0.50517, 0.62367]",mt-rag-govt-elser-512-100-20240611,214
"[0.41791, 0.40037, 0.45053, 0.50083]","[0.18762, 0.38306, 0.50517, 0.62367]",all,214
