nDCG,Recall,collection,count
"[0.34444, 0.31978, 0.34769, 0.3909]","[0.14644, 0.29303, 0.37049, 0.47188]",mt-rag-fiqa-beir-elser-512-100-20240501,180
"[0.34444, 0.31978, 0.34769, 0.3909]","[0.14644, 0.29303, 0.37049, 0.47188]",all,180
