nDCG,Recall,collection,count
"[0.18333, 0.16834, 0.18181, 0.2071]","[0.08167, 0.16024, 0.19126, 0.24946]",mt-rag-fiqa-beir-elser-512-100-20240501,180
"[0.18333000000000002, 0.16834, 0.18181, 0.2071]","[0.08167, 0.16024, 0.19126, 0.24946]",all,180
