nDCG,Recall,collection,count
"[0.35323, 0.36084, 0.40008, 0.44861]","[0.16357, 0.34522, 0.44493, 0.5588]",mt-rag-govt-elser-512-100-20240611,201
"[0.35323, 0.36084, 0.40008, 0.44861]","[0.16357, 0.34522, 0.44493, 0.5588]",all,201
