nDCG,Recall,collection,count
"[0.23383, 0.2621, 0.29996, 0.33966]","[0.11119, 0.26517, 0.35398, 0.44979]",mt-rag-govt-elser-512-100-20240611,201
"[0.18333, 0.16834, 0.18181, 0.2071]","[0.08167, 0.16024, 0.19126, 0.24946]",mt-rag-fiqa-beir-elser-512-100-20240501,180
"[0.24519, 0.23623, 0.26918, 0.31531]","[0.10048, 0.21899, 0.30158, 0.40868]",mt-rag-clapnq-elser-512-100-20240503,208
"[0.16489, 0.15649, 0.18613, 0.22204]","[0.07039, 0.15186, 0.218, 0.30369]",mt-rag-ibmcloud-elser-512-100-20240502,188
"[0.2084917245817246, 0.2079012355212355, 0.2368077734877735, 0.2739738223938224]","[0.09161254826254826, 0.20108361647361647, 0.2693557528957529, 0.3570267052767053]",all,777
