nDCG,Recall,collection,count
"[0.52404, 0.46998, 0.51349, 0.57804]","[0.2087, 0.42437, 0.55161, 0.70055]",mt-rag-clapnq-elser-512-100-20240503,208
"[0.52404, 0.46998, 0.51349, 0.57804]","[0.2087, 0.42437, 0.55161, 0.70055]",all,208
