nDCG,Recall,collection,count
"[0.47596, 0.43663, 0.47493, 0.52701]","[0.19812, 0.39729, 0.51128, 0.63028]",mt-rag-clapnq-elser-512-100-20240503,208
"[0.47596, 0.43663, 0.47493, 0.52701]","[0.19812, 0.39729, 0.51128, 0.6302799999999998]",all,208
