nDCG,Recall,collection,count
"[0.37234, 0.36734, 0.38944, 0.42729]","[0.17881, 0.35337, 0.42012, 0.50365]",mt-rag-ibmcloud-elser-512-100-20240502,188
"[0.37234, 0.36734000000000006, 0.38944, 0.42729000000000006]","[0.17880999999999997, 0.35337, 0.42011999999999994, 0.50365]",all,188
