nDCG,Recall,collection,count
"[0.24519, 0.23623, 0.26918, 0.31531]","[0.10048, 0.21899, 0.30158, 0.40868]",mt-rag-clapnq-elser-512-100-20240503,208
"[0.24519, 0.23623, 0.26918, 0.31531]","[0.10048, 0.21899, 0.30158, 0.40868]",all,208
