nDCG,Recall,collection,count
"[0.16489, 0.15649, 0.18613, 0.22204]","[0.07039, 0.15186, 0.218, 0.30369]",mt-rag-ibmcloud-elser-512-100-20240502,188
"[0.16489, 0.15649, 0.18612999999999996, 0.22204]","[0.07039, 0.15186, 0.218, 0.30369]",all,188
